date_operation,flux,pays_partenaire,code_SH,valeur_eur,quantite,mode_transport,incoterm,region_douaniere,droits_taxes_eur
2024-11-23,Import,Espagne,8703,1297031.27,45420.7,Aérien,CIF,Nouvelle-Aquitaine,85773.32
2024-02-27,Export,Pays-Bas,2710,881111.13,23435.4,Ferroviaire,CIF,Nouvelle-Aquitaine,0.0
2024-01-13,Export,États-Unis,2710,878328.93,29902.2,Routier,DDP,Hauts-de-France,0.0
2024-05-20,Import,Turquie,6203,187197.14,48095.6,Maritime,CIF,Nouvelle-Aquitaine,12519.12
2024-05-05,Import,Royaume-Uni,3004,1527402.46,8760.4,Aérien,DDP,Occitanie,63413.33
2024-04-24,Export,États-Unis,3004,1938265.2,23501.0,Routier,EXW,Auvergne-Rhône-Alpes,0.0
2024-03-12,Export,États-Unis,6203,826231.95,24774.0,Maritime,DAP,Île-de-France,0.0
2024-02-22,Export,États-Unis,6203,508535.71,5797.0,Maritime,DDP,Occitanie,0.0
2024-12-12,Export,Turquie,1006,113137.15,25922.5,Ferroviaire,EXW,Auvergne-Rhône-Alpes,0.0
2024-10-06,Export,Royaume-Uni,2710,1100693.18,46383.7,Ferroviaire,EXW,Île-de-France,0.0
2024-02-14,Import,États-Unis,8703,1421016.74,15538.2,Aérien,EXW,Occitanie,1554.53
2024-10-29,Import,Pays-Bas,6203,1297180.83,7699.4,Routier,DAP,Occitanie,96785.57
2024-08-04,Export,États-Unis,8471,491243.16,27563.7,Aérien,EXW,Hauts-de-France,0.0
2024-01-17,Export,Pays-Bas,8703,683051.11,39386.1,Routier,CIF,Nouvelle-Aquitaine,0.0
2024-01-16,Export,Royaume-Uni,3004,1731194.89,22327.9,Routier,DDP,Nouvelle-Aquitaine,0.0
2024-02-17,Export,Belgique,2710,913412.51,16089.5,Aérien,DDP,Occitanie,0.0
2024-04-21,Import,Royaume-Uni,2710,1712745.89,20539.3,Ferroviaire,DAP,Auvergne-Rhône-Alpes,43596.42
2024-04-29,Export,Turquie,3004,1929824.75,6313.2,Maritime,DAP,Île-de-France,0.0
2024-09-15,Export,Italie,8703,35618.46,7208.6,Ferroviaire,CIF,Hauts-de-France,0.0
2024-11-04,Export,Maroc,1006,1301424.12,42588.4,Routier,DAP,Nouvelle-Aquitaine,0.0
2024-01-14,Import,Pays-Bas,8471,1236831.63,11739.3,Maritime,DAP,Île-de-France,67718.96
2024-10-14,Import,Allemagne,3004,890138.71,34700.4,Maritime,CIF,Hauts-de-France,64333.82
2024-04-11,Export,États-Unis,6203,864220.14,12210.6,Aérien,FOB,Auvergne-Rhône-Alpes,0.0
2024-11-28,Import,Royaume-Uni,6203,1220936.11,19127.8,Aérien,FOB,Occitanie,66725.09
2024-12-25,Export,Royaume-Uni,3004,921843.15,33342.4,Aérien,EXW,Occitanie,0.0
2024-10-06,Export,États-Unis,2710,1975365.13,14958.4,Routier,DAP,Hauts-de-France,0.0
2024-08-02,Import,États-Unis,6203,1998750.26,42666.9,Routier,DDP,Hauts-de-France,17053.86
2024-04-22,Export,États-Unis,3004,48769.5,41502.0,Maritime,DDP,Île-de-France,0.0
2024-08-17,Export,Belgique,6203,1666513.6,45146.8,Routier,FOB,Auvergne-Rhône-Alpes,0.0
2024-10-28,Export,Italie,2710,1357140.09,36046.7,Maritime,EXW,Hauts-de-France,0.0
2024-05-22,Export,Italie,8703,71562.24,18243.7,Routier,CIF,Occitanie,0.0
2024-01-04,Import,Chine,6203,405585.62,39325.9,Routier,FOB,Hauts-de-France,28438.39
2024-03-22,Export,Chine,8703,1934931.23,14757.8,Ferroviaire,EXW,Auvergne-Rhône-Alpes,0.0
2024-12-23,Import,Maroc,3004,1720980.49,36211.1,Maritime,DAP,Île-de-France,134916.92
2024-08-04,Export,Pays-Bas,6203,1075461.75,22739.8,Ferroviaire,CIF,Île-de-France,0.0
2024-06-23,Import,Chine,6203,945596.35,30977.7,Aérien,EXW,Occitanie,71348.58
2024-05-22,Export,Allemagne,8703,1300232.7,5834.7,Routier,DAP,Île-de-France,0.0
2024-03-20,Import,Chine,2710,473426.06,26877.8,Ferroviaire,DDP,Auvergne-Rhône-Alpes,14719.61
2024-04-20,Export,Turquie,1006,1311569.19,41684.8,Routier,EXW,Hauts-de-France,0.0
2024-06-21,Import,Espagne,2710,889549.26,47527.8,Routier,DDP,Hauts-de-France,60877.21
2024-02-22,Import,Royaume-Uni,8703,799288.59,9491.2,Aérien,DDP,Île-de-France,7811.27
2024-02-17,Import,Turquie,8471,1574655.21,12179.2,Maritime,DDP,Auvergne-Rhône-Alpes,15862.94
2024-07-13,Import,Turquie,8703,1627040.7,11650.7,Routier,FOB,Auvergne-Rhône-Alpes,100794.34
2024-02-19,Export,Allemagne,8471,1598035.08,5497.2,Maritime,CIF,Auvergne-Rhône-Alpes,0.0
2024-07-02,Export,Italie,2710,36483.26,13269.1,Ferroviaire,DDP,Île-de-France,0.0
2024-06-25,Import,Espagne,1006,955110.7,38901.1,Aérien,DDP,Île-de-France,39215.93
2024-11-05,Export,Allemagne,1006,918794.83,48201.3,Ferroviaire,DAP,Île-de-France,0.0
2024-05-15,Export,Espagne,3004,1426240.62,22178.7,Aérien,EXW,Auvergne-Rhône-Alpes,0.0
2024-01-23,Export,Chine,1006,1250513.4,29268.6,Routier,DAP,Nouvelle-Aquitaine,0.0
2024-08-23,Export,Maroc,2710,202861.03,35089.3,Aérien,DAP,Occitanie,0.0
2024-10-01,Import,Espagne,3004,830558.07,41371.1,Ferroviaire,CIF,Hauts-de-France,26493.49
2024-03-04,Export,Royaume-Uni,8703,1907417.07,34341.4,Maritime,EXW,Île-de-France,0.0
2024-07-12,Export,Italie,6203,197646.04,36940.1,Maritime,DDP,Nouvelle-Aquitaine,0.0
2024-02-10,Export,États-Unis,2710,1341676.46,20541.0,Maritime,CIF,Nouvelle-Aquitaine,0.0
2024-10-09,Export,Belgique,8471,706534.14,28896.3,Ferroviaire,FOB,Île-de-France,0.0
2024-05-30,Export,Pays-Bas,6203,1691519.97,18378.7,Aérien,DAP,Nouvelle-Aquitaine,0.0
2024-11-17,Import,Allemagne,8471,1219944.86,32891.9,Routier,CIF,Hauts-de-France,67679.73
2024-11-12,Export,Turquie,2710,17181.05,43493.3,Ferroviaire,EXW,Auvergne-Rhône-Alpes,0.0
2024-07-04,Import,Royaume-Uni,3004,188056.58,26524.6,Aérien,CIF,Hauts-de-France,5659.67
2024-10-22,Export,Espagne,8703,1554787.06,28380.1,Aérien,FOB,Nouvelle-Aquitaine,0.0
2024-04-08,Import,Royaume-Uni,6203,1349567.58,13605.9,Ferroviaire,DAP,Hauts-de-France,71466.48
2024-12-26,Import,Pays-Bas,2710,1511111.57,5691.8,Ferroviaire,DDP,Hauts-de-France,51971.8
2024-02-05,Import,Belgique,3004,444934.28,49222.3,Aérien,FOB,Hauts-de-France,1949.95
2024-01-24,Export,États-Unis,8471,659604.1,387.5,Aérien,DAP,Nouvelle-Aquitaine,0.0
2024-12-04,Import,Espagne,1006,1003023.38,41667.9,Maritime,DAP,Île-de-France,64691.01
2024-04-26,Export,Turquie,1006,1842719.06,43105.6,Ferroviaire,DAP,Hauts-de-France,0.0
2024-05-28,Import,Turquie,1006,813039.45,48310.0,Routier,EXW,Occitanie,11179.17
2024-02-10,Import,États-Unis,3004,490416.37,29444.0,Routier,FOB,Hauts-de-France,20556.78
2024-04-29,Import,Belgique,3004,157376.86,31661.6,Routier,FOB,Auvergne-Rhône-Alpes,6680.39
2024-02-21,Import,Espagne,8471,297156.22,9864.4,Ferroviaire,DAP,Nouvelle-Aquitaine,14320.53
2024-07-13,Export,Turquie,3004,1363861.29,44102.5,Routier,FOB,Occitanie,0.0
2024-05-22,Import,Turquie,8703,940497.56,31569.6,Routier,DDP,Île-de-France,59915.69
2024-08-20,Export,Chine,3004,926176.26,1881.3,Maritime,EXW,Nouvelle-Aquitaine,0.0
2024-11-21,Export,Allemagne,1006,928109.76,27716.3,Aérien,CIF,Nouvelle-Aquitaine,0.0
2024-07-05,Export,Royaume-Uni,8703,1005227.77,47886.2,Routier,EXW,Nouvelle-Aquitaine,0.0
2024-03-24,Import,Maroc,6203,83088.54,35381.4,Aérien,CIF,Hauts-de-France,6587.17
2024-07-08,Export,Turquie,8703,777896.04,38723.5,Routier,EXW,Hauts-de-France,0.0
2024-06-30,Import,Turquie,8471,1118136.61,19328.8,Routier,EXW,Nouvelle-Aquitaine,22541.26
2024-04-17,Import,États-Unis,8471,1833909.18,15512.3,Maritime,CIF,Nouvelle-Aquitaine,96251.58
2024-12-09,Export,Italie,2710,1288769.06,16424.5,Maritime,DAP,Nouvelle-Aquitaine,0.0
2024-05-16,Export,Belgique,3004,41369.92,15444.0,Ferroviaire,FOB,Auvergne-Rhône-Alpes,0.0
2024-12-25,Import,Maroc,6203,314115.62,14790.3,Maritime,CIF,Nouvelle-Aquitaine,19804.87
2024-12-15,Import,Turquie,8471,1196506.65,7713.5,Ferroviaire,EXW,Occitanie,17310.67
2024-11-27,Export,Royaume-Uni,6203,1354344.03,11877.3,Routier,DAP,Auvergne-Rhône-Alpes,0.0
2024-02-06,Import,Belgique,3004,622388.45,40431.4,Ferroviaire,DAP,Hauts-de-France,23352.79
2024-11-07,Export,Italie,8471,1008298.85,20933.6,Aérien,CIF,Île-de-France,0.0
2024-11-21,Export,Espagne,2710,1748863.31,27727.5,Maritime,CIF,Île-de-France,0.0
2024-03-28,Import,États-Unis,8703,549218.64,45265.4,Aérien,DAP,Hauts-de-France,6474.13
2024-09-30,Import,États-Unis,8703,832719.33,19823.3,Routier,FOB,Île-de-France,24912.4
2024-05-05,Export,Chine,8471,1861997.68,41959.0,Aérien,EXW,Hauts-de-France,0.0
2024-03-24,Export,Royaume-Uni,1006,1393663.62,6940.5,Maritime,EXW,Île-de-France,0.0
2024-08-24,Export,Turquie,6203,435231.22,7476.8,Ferroviaire,EXW,Hauts-de-France,0.0
2024-07-13,Import,Turquie,1006,605796.63,2388.4,Maritime,EXW,Occitanie,20346.31
2024-05-18,Import,Pays-Bas,1006,1265750.11,28752.8,Maritime,DDP,Hauts-de-France,72759.8
2024-11-23,Import,Maroc,3004,1143474.11,9366.5,Maritime,DDP,Nouvelle-Aquitaine,61126.92
2024-12-18,Import,Chine,3004,783955.2,23507.3,Maritime,CIF,Île-de-France,39866.99
2024-10-12,Export,Espagne,6203,486046.22,32855.6,Routier,FOB,Île-de-France,0.0
2024-04-22,Export,Italie,2710,1094297.42,40675.6,Ferroviaire,DAP,Auvergne-Rhône-Alpes,0.0
2024-12-16,Import,Pays-Bas,8471,130885.57,38809.7,Maritime,FOB,Île-de-France,4792.29
2024-06-15,Export,Maroc,1006,1867075.11,25769.7,Routier,EXW,Auvergne-Rhône-Alpes,0.0
2024-01-29,Export,Chine,3004,717163.48,39042.3,Maritime,CIF,Occitanie,0.0
2024-04-27,Export,États-Unis,3004,1487898.87,44732.0,Aérien,DAP,Occitanie,0.0
2024-01-17,Export,Espagne,2710,1848999.38,25964.3,Ferroviaire,EXW,Occitanie,0.0
2024-06-10,Import,Pays-Bas,3004,1093221.42,16061.3,Ferroviaire,DDP,Occitanie,7002.64
2024-07-24,Import,Chine,6203,1381080.79,17578.0,Ferroviaire,CIF,Île-de-France,4679.67
2024-05-17,Import,Italie,8703,1344011.86,20311.1,Aérien,DDP,Occitanie,55167.5
2024-02-03,Import,Chine,1006,256828.9,11800.5,Maritime,DDP,Auvergne-Rhône-Alpes,13255.72
2024-04-18,Export,Espagne,6203,1897902.94,18601.3,Aérien,DDP,Hauts-de-France,0.0
2024-10-17,Export,Espagne,8703,632198.96,13935.2,Aérien,DAP,Nouvelle-Aquitaine,0.0
2024-06-10,Export,Pays-Bas,2710,1827517.3,5888.9,Ferroviaire,FOB,Nouvelle-Aquitaine,0.0
2024-04-18,Export,Belgique,8703,1389491.38,49931.4,Aérien,EXW,Occitanie,0.0
2024-12-01,Import,Chine,2710,1797864.67,22256.1,Routier,EXW,Nouvelle-Aquitaine,12626.87
2024-09-12,Export,Italie,3004,1783206.71,42568.3,Aérien,EXW,Auvergne-Rhône-Alpes,0.0
2024-07-21,Import,Turquie,3004,477288.69,24701.6,Ferroviaire,DDP,Auvergne-Rhône-Alpes,13780.15
2024-11-25,Import,Royaume-Uni,6203,136167.47,19908.6,Ferroviaire,DAP,Nouvelle-Aquitaine,7809.84
2024-08-22,Import,Royaume-Uni,2710,255026.93,15852.1,Routier,FOB,Nouvelle-Aquitaine,1513.13
2024-03-14,Import,Allemagne,8703,1536724.37,6452.5,Aérien,CIF,Auvergne-Rhône-Alpes,61821.04
2024-05-15,Import,Maroc,3004,648708.2,35466.9,Maritime,CIF,Auvergne-Rhône-Alpes,17957.44
2024-03-12,Export,Maroc,8703,254714.74,15141.9,Aérien,DDP,Nouvelle-Aquitaine,0.0
2024-05-06,Import,Chine,6203,346545.24,31224.3,Maritime,EXW,Île-de-France,25006.73
2024-10-14,Import,Belgique,6203,1897350.97,38551.3,Ferroviaire,DDP,Île-de-France,40171.61
2024-10-02,Export,Pays-Bas,1006,1778548.78,27279.3,Aérien,DAP,Hauts-de-France,0.0
2024-05-14,Export,Royaume-Uni,1006,150581.19,2996.6,Ferroviaire,DAP,Auvergne-Rhône-Alpes,0.0
2024-10-26,Export,Chine,2710,1215287.22,15629.8,Routier,DAP,Auvergne-Rhône-Alpes,0.0
2024-08-07,Export,Belgique,1006,1032385.37,5310.1,Maritime,CIF,Occitanie,0.0
2024-10-25,Import,Turquie,1006,286050.88,2531.2,Aérien,FOB,Hauts-de-France,21634.25
2024-07-23,Export,Maroc,1006,383719.03,7968.0,Ferroviaire,CIF,Occitanie,0.0
2024-07-04,Import,Belgique,8471,184647.94,19662.7,Routier,EXW,Île-de-France,6754.14
2024-04-22,Export,Royaume-Uni,3004,992313.94,44117.1,Maritime,EXW,Occitanie,0.0
2024-03-11,Import,Chine,8703,1765499.18,36375.7,Ferroviaire,EXW,Nouvelle-Aquitaine,107887.08
2024-09-17,Import,Royaume-Uni,6203,728234.93,14430.8,Routier,DDP,Nouvelle-Aquitaine,22508.22
2024-09-09,Import,Chine,6203,261683.46,4835.0,Routier,FOB,Auvergne-Rhône-Alpes,7812.79
2024-02-16,Export,Italie,2710,1002655.42,2266.1,Routier,DAP,Nouvelle-Aquitaine,0.0
2024-01-25,Export,Italie,3004,302136.63,44656.7,Routier,FOB,Occitanie,0.0
2024-02-26,Export,Maroc,6203,1189480.69,25366.2,Ferroviaire,DDP,Hauts-de-France,0.0
2024-03-19,Export,Espagne,1006,1632418.92,18418.5,Routier,EXW,Nouvelle-Aquitaine,0.0
2024-11-17,Export,Turquie,6203,534733.22,32779.9,Aérien,EXW,Nouvelle-Aquitaine,0.0
2024-03-22,Export,Turquie,1006,345171.56,31451.6,Aérien,FOB,Île-de-France,0.0
2024-12-14,Import,États-Unis,2710,385614.73,22052.5,Aérien,DAP,Nouvelle-Aquitaine,12919.03
2024-08-04,Export,Allemagne,2710,1746271.33,36792.1,Aérien,DDP,Auvergne-Rhône-Alpes,0.0
2024-11-01,Export,États-Unis,3004,1996255.12,23919.1,Aérien,DAP,Nouvelle-Aquitaine,0.0
2024-02-02,Export,Pays-Bas,6203,1094815.07,33793.8,Ferroviaire,FOB,Auvergne-Rhône-Alpes,0.0
2024-07-16,Export,Pays-Bas,3004,1118382.87,11244.1,Aérien,DAP,Hauts-de-France,0.0
2024-07-14,Export,Pays-Bas,3004,700862.33,46685.1,Maritime,DDP,Nouvelle-Aquitaine,0.0
2024-11-01,Export,Chine,8471,1792042.12,19727.2,Routier,EXW,Hauts-de-France,0.0
2024-08-27,Import,Royaume-Uni,8471,695995.21,22119.4,Aérien,DDP,Hauts-de-France,14278.7
2024-09-27,Export,Turquie,8471,278859.54,30784.2,Aérien,EXW,Nouvelle-Aquitaine,0.0
2024-05-08,Import,Royaume-Uni,8703,1277699.42,2625.5,Aérien,EXW,Nouvelle-Aquitaine,42245.99
2024-10-10,Import,Royaume-Uni,2710,816780.37,46751.7,Aérien,CIF,Hauts-de-France,57396.77
2024-01-06,Export,Espagne,2710,1293566.35,45396.9,Aérien,DDP,Île-de-France,0.0
2024-12-14,Import,Allemagne,1006,838680.54,41880.4,Ferroviaire,FOB,Hauts-de-France,62661.02
2024-02-28,Import,Chine,3004,23488.0,28398.5,Ferroviaire,DDP,Nouvelle-Aquitaine,201.62
2024-12-15,Export,Maroc,1006,1779073.63,6710.9,Routier,FOB,Île-de-France,0.0
2024-10-01,Export,Pays-Bas,2710,329176.05,22946.3,Aérien,EXW,Hauts-de-France,0.0
2024-05-16,Export,Italie,6203,1137723.54,37864.4,Ferroviaire,DAP,Nouvelle-Aquitaine,0.0
2024-11-24,Export,Italie,8471,178041.85,33463.1,Ferroviaire,CIF,Auvergne-Rhône-Alpes,0.0
2024-06-23,Import,Chine,3004,525266.63,11776.8,Maritime,CIF,Hauts-de-France,31673.86
2024-02-27,Import,États-Unis,2710,128938.04,5912.1,Routier,EXW,Hauts-de-France,3164.72
2024-05-30,Export,Italie,1006,1231177.77,10957.2,Aérien,DAP,Nouvelle-Aquitaine,0.0
2024-08-10,Export,Royaume-Uni,6203,834612.0,27462.2,Aérien,FOB,Nouvelle-Aquitaine,0.0
2024-03-21,Import,Turquie,8703,1053385.78,26409.1,Maritime,DDP,Nouvelle-Aquitaine,30487.92
2024-08-20,Import,Maroc,1006,1147539.84,7493.5,Maritime,FOB,Nouvelle-Aquitaine,30122.24
2024-01-02,Export,Allemagne,1006,186428.58,25519.3,Aérien,DDP,Occitanie,0.0
2024-05-14,Export,Pays-Bas,2710,1130002.81,27940.3,Maritime,DAP,Hauts-de-France,0.0
2024-09-13,Import,Chine,2710,1492879.94,28916.0,Maritime,DDP,Île-de-France,5408.98
2024-04-01,Import,Italie,8471,1972343.81,23604.1,Ferroviaire,CIF,Occitanie,45299.33
2024-09-16,Export,États-Unis,8703,1739892.47,45338.5,Aérien,CIF,Île-de-France,0.0
2024-02-24,Import,Belgique,8703,1985729.32,19653.5,Maritime,CIF,Occitanie,20230.15
2024-11-16,Export,Belgique,1006,1066207.55,41168.2,Routier,FOB,Hauts-de-France,0.0
2024-06-01,Import,États-Unis,6203,1875133.67,36251.5,Maritime,FOB,Auvergne-Rhône-Alpes,16927.9
2024-11-23,Import,Allemagne,8471,206288.94,1679.8,Maritime,DAP,Occitanie,9865.31
2024-09-16,Import,Italie,6203,1081820.82,37719.5,Routier,FOB,Nouvelle-Aquitaine,67164.94
2024-11-07,Export,Chine,8471,1157062.26,38627.1,Routier,FOB,Nouvelle-Aquitaine,0.0
2024-04-11,Import,Turquie,2710,830052.61,13758.4,Aérien,DAP,Nouvelle-Aquitaine,36968.43
2024-03-19,Export,États-Unis,6203,98533.77,17221.4,Routier,DAP,Occitanie,0.0
2024-07-10,Import,Belgique,8471,603277.55,9194.8,Routier,FOB,Occitanie,25961.6
2024-03-23,Import,Italie,1006,1126959.97,48389.3,Aérien,CIF,Auvergne-Rhône-Alpes,50243.19
2024-10-03,Export,Chine,8703,1295178.17,46111.4,Aérien,EXW,Hauts-de-France,0.0
2024-09-28,Export,Espagne,8471,1348975.48,30146.5,Aérien,DAP,Auvergne-Rhône-Alpes,0.0
2024-01-01,Export,Belgique,8471,609860.11,45449.8,Maritime,DAP,Auvergne-Rhône-Alpes,0.0
2024-11-02,Import,Pays-Bas,1006,796280.96,11967.3,Ferroviaire,DDP,Hauts-de-France,20487.67
2024-06-14,Export,Royaume-Uni,1006,526815.45,25641.3,Maritime,DAP,Hauts-de-France,0.0
2024-09-07,Import,Belgique,2710,744556.32,20697.1,Aérien,EXW,Hauts-de-France,33506.51
2024-01-10,Export,Belgique,1006,593908.61,9810.4,Aérien,DAP,Nouvelle-Aquitaine,0.0
2024-02-27,Export,Royaume-Uni,1006,518366.88,41079.8,Aérien,CIF,Auvergne-Rhône-Alpes,0.0
2024-07-04,Import,Maroc,2710,1442025.49,24416.3,Maritime,DDP,Île-de-France,105775.38
2024-06-06,Import,États-Unis,8471,1890650.28,33411.1,Aérien,EXW,Auvergne-Rhône-Alpes,115607.8
2024-05-02,Import,Turquie,1006,441345.75,22801.0,Ferroviaire,EXW,Île-de-France,2134.35
2024-01-30,Export,Pays-Bas,6203,28642.68,26471.4,Routier,EXW,Nouvelle-Aquitaine,0.0
2024-05-03,Export,Espagne,8703,1613304.56,45488.8,Aérien,FOB,Auvergne-Rhône-Alpes,0.0
2024-10-17,Export,États-Unis,8703,1631352.71,13367.0,Routier,DAP,Occitanie,0.0
2024-02-10,Import,Espagne,2710,1980514.9,11293.6,Maritime,EXW,Occitanie,108380.37
2024-02-13,Export,Allemagne,2710,757453.29,23800.8,Aérien,EXW,Occitanie,0.0
2024-09-05,Export,Espagne,6203,1291589.95,16564.2,Maritime,FOB,Auvergne-Rhône-Alpes,0.0
2024-02-05,Export,Pays-Bas,6203,545834.63,46208.0,Maritime,FOB,Hauts-de-France,0.0
2024-09-29,Import,États-Unis,8703,1923131.03,29352.2,Routier,FOB,Nouvelle-Aquitaine,115734.71
2024-03-05,Import,Maroc,3004,1135558.36,42472.3,Ferroviaire,FOB,Île-de-France,61505.02
2024-03-06,Export,Espagne,3004,112124.38,21855.0,Ferroviaire,CIF,Île-de-France,0.0
2024-12-03,Export,Belgique,3004,1568178.54,22528.1,Ferroviaire,DAP,Auvergne-Rhône-Alpes,0.0
2024-08-31,Export,Belgique,2710,175959.76,30931.2,Maritime,EXW,Hauts-de-France,0.0
2024-10-08,Import,États-Unis,3004,763099.99,39194.7,Routier,EXW,Île-de-France,9418.3
2024-03-25,Import,Espagne,8471,1886205.65,22237.3,Maritime,FOB,Occitanie,114884.48
2024-05-15,Export,Espagne,8703,1116185.14,25622.5,Maritime,CIF,Nouvelle-Aquitaine,0.0
2024-09-27,Import,Allemagne,3004,1195864.49,39222.2,Ferroviaire,DAP,Île-de-France,82631.19
2024-11-06,Import,Italie,3004,1146061.06,8480.0,Routier,CIF,Occitanie,34907.37
2024-08-04,Import,Royaume-Uni,8703,131217.96,21734.4,Routier,CIF,Auvergne-Rhône-Alpes,4420.5
2024-04-18,Export,Espagne,8471,1189643.76,9778.2,Routier,EXW,Occitanie,0.0
2024-10-03,Export,Chine,1006,1684018.71,18995.1,Routier,DAP,Nouvelle-Aquitaine,0.0
2024-12-19,Import,Royaume-Uni,3004,604368.39,30161.0,Aérien,DAP,Hauts-de-France,33617.01
2024-04-12,Export,Turquie,8471,1471074.36,31645.5,Routier,DAP,Hauts-de-France,0.0
2024-06-08,Export,Belgique,6203,733206.0,46603.4,Aérien,DDP,Île-de-France,0.0
2024-07-23,Export,Pays-Bas,2710,1886234.96,10483.2,Maritime,DAP,Occitanie,0.0
2024-12-09,Import,États-Unis,1006,1268505.4,12101.8,Maritime,DAP,Nouvelle-Aquitaine,66841.4
2024-11-28,Export,États-Unis,6203,1166576.82,26718.8,Maritime,CIF,Nouvelle-Aquitaine,0.0
2024-07-10,Import,Italie,2710,223192.0,12412.3,Maritime,DDP,Occitanie,11868.35
2024-08-12,Export,Allemagne,8703,1931604.97,21523.3,Routier,FOB,Nouvelle-Aquitaine,0.0
2024-09-21,Import,Turquie,2710,894328.21,19557.3,Aérien,CIF,Île-de-France,55258.2
2024-08-19,Export,Espagne,8703,213575.97,20799.4,Aérien,CIF,Hauts-de-France,0.0
2024-03-02,Export,Royaume-Uni,3004,913388.61,10344.2,Ferroviaire,EXW,Occitanie,0.0
2024-05-06,Export,Espagne,8703,641224.4,15013.9,Routier,EXW,Auvergne-Rhône-Alpes,0.0
2024-04-25,Import,États-Unis,1006,1034407.83,27596.0,Aérien,DAP,Auvergne-Rhône-Alpes,27390.26
2024-02-02,Import,Turquie,8471,1282755.36,21607.3,Ferroviaire,DDP,Occitanie,2995.72
2024-06-22,Export,Pays-Bas,2710,13877.84,10740.6,Maritime,DDP,Île-de-France,0.0
2024-01-11,Import,Royaume-Uni,6203,734757.09,9854.5,Routier,DDP,Occitanie,6698.34
2024-10-28,Export,Royaume-Uni,6203,1176074.41,17396.9,Aérien,CIF,Nouvelle-Aquitaine,0.0
2024-10-10,Import,Espagne,8471,1345859.61,15660.0,Routier,FOB,Nouvelle-Aquitaine,25686.83
2024-04-27,Export,États-Unis,1006,839387.02,6894.2,Aérien,DAP,Nouvelle-Aquitaine,0.0
2024-10-28,Import,Chine,1006,1112050.59,24482.6,Maritime,CIF,Île-de-France,12481.35
2024-04-22,Export,Maroc,6203,277386.76,40761.0,Ferroviaire,DAP,Occitanie,0.0
2024-01-04,Export,Italie,8703,1421734.03,22193.1,Maritime,FOB,Hauts-de-France,0.0
2024-02-06,Import,Royaume-Uni,6203,553331.57,26880.9,Ferroviaire,DDP,Nouvelle-Aquitaine,7446.03
2024-12-28,Import,Chine,6203,1147564.54,13395.2,Maritime,DAP,Nouvelle-Aquitaine,49859.95
2024-11-19,Import,Belgique,3004,1979602.58,5121.7,Maritime,DAP,Hauts-de-France,131456.81
2024-01-31,Export,Espagne,8471,1725088.25,4350.1,Aérien,DDP,Hauts-de-France,0.0
2024-04-27,Export,Belgique,8471,336133.33,6962.6,Maritime,DDP,Hauts-de-France,0.0
2024-02-04,Export,Pays-Bas,3004,1195731.08,8419.7,Routier,DDP,Île-de-France,0.0
2024-01-17,Import,Pays-Bas,2710,1925730.13,39284.8,Aérien,FOB,Auvergne-Rhône-Alpes,141544.05
2024-06-18,Import,États-Unis,1006,1424232.72,41424.3,Aérien,DDP,Hauts-de-France,86761.25
2024-02-06,Export,Espagne,1006,753468.79,3776.7,Routier,CIF,Occitanie,0.0
2024-09-20,Export,Espagne,2710,657942.11,124.7,Ferroviaire,CIF,Île-de-France,0.0
2024-05-01,Export,Belgique,1006,439570.72,21482.7,Routier,CIF,Hauts-de-France,0.0
2024-05-22,Export,Royaume-Uni,3004,1096884.52,6530.6,Maritime,EXW,Île-de-France,0.0
2024-12-08,Export,Italie,1006,37481.3,46471.7,Ferroviaire,EXW,Occitanie,0.0
2024-09-05,Import,Pays-Bas,8471,1991409.67,45470.5,Routier,EXW,Hauts-de-France,140537.41
2024-04-19,Export,Italie,8703,169428.96,33225.8,Ferroviaire,CIF,Auvergne-Rhône-Alpes,0.0
2024-10-03,Export,Allemagne,8471,1312693.03,35185.2,Ferroviaire,EXW,Auvergne-Rhône-Alpes,0.0
2024-03-08,Import,Chine,8703,1041291.29,22253.9,Ferroviaire,FOB,Occitanie,671.64
2024-10-19,Import,Espagne,3004,461749.0,4467.5,Routier,CIF,Auvergne-Rhône-Alpes,29771.98
2024-10-22,Export,Italie,2710,1548053.66,37658.1,Aérien,EXW,Nouvelle-Aquitaine,0.0
2024-08-30,Import,Belgique,2710,1222586.88,8206.7,Aérien,DAP,Nouvelle-Aquitaine,34348.6
2024-05-04,Export,Espagne,8471,1720625.24,4335.3,Maritime,DDP,Occitanie,0.0
2024-08-30,Export,Italie,8471,1926681.18,15725.9,Routier,EXW,Auvergne-Rhône-Alpes,0.0
2024-07-27,Export,Pays-Bas,8471,1559044.46,34524.1,Aérien,DAP,Hauts-de-France,0.0
2024-04-07,Import,États-Unis,8703,1568684.19,39689.1,Aérien,DAP,Nouvelle-Aquitaine,30036.05
2024-02-18,Import,Chine,8471,1058931.57,48884.9,Ferroviaire,DDP,Occitanie,83603.29
2024-02-19,Export,Royaume-Uni,8703,1094980.66,8639.3,Maritime,DDP,Île-de-France,0.0
2024-12-03,Import,États-Unis,6203,528059.63,1992.3,Routier,DDP,Occitanie,2554.49
2024-08-08,Export,Maroc,6203,1405112.22,4122.3,Aérien,CIF,Île-de-France,0.0
2024-06-30,Export,Italie,6203,162648.02,46046.3,Routier,DAP,Nouvelle-Aquitaine,0.0
2024-08-04,Import,Belgique,8703,623788.14,21874.9,Aérien,EXW,Occitanie,47578.97
2024-07-29,Import,Italie,8703,909476.83,30442.0,Maritime,FOB,Île-de-France,22503.37
2024-08-27,Import,Pays-Bas,8471,995343.8,17335.9,Routier,FOB,Hauts-de-France,41185.16
2024-01-28,Import,Pays-Bas,6203,1544003.43,1468.8,Maritime,CIF,Nouvelle-Aquitaine,99694.18
2024-12-10,Import,Turquie,8471,994814.4,25539.6,Routier,FOB,Hauts-de-France,4412.13
2024-11-30,Import,Maroc,8703,1789065.5,33706.3,Maritime,EXW,Auvergne-Rhône-Alpes,16507.15
2024-11-26,Import,Allemagne,6203,946170.36,19149.6,Ferroviaire,FOB,Hauts-de-France,11360.45
2024-02-20,Import,Espagne,6203,835431.91,36014.7,Routier,EXW,Nouvelle-Aquitaine,18129.4
2024-02-01,Import,États-Unis,8703,362791.98,40217.1,Ferroviaire,CIF,Hauts-de-France,28483.93
2024-07-25,Export,Chine,8471,177339.12,22837.9,Routier,DDP,Hauts-de-France,0.0
2024-06-22,Import,Belgique,2710,930533.75,29585.0,Aérien,FOB,Île-de-France,36727.1
2024-02-25,Export,Allemagne,3004,52700.96,27077.7,Maritime,DAP,Hauts-de-France,0.0
2024-05-07,Import,Allemagne,8471,414362.77,49155.8,Routier,EXW,Île-de-France,13916.48
2024-04-08,Import,Chine,1006,1795088.51,25988.4,Maritime,DDP,Île-de-France,100646.58
2024-04-07,Import,Allemagne,1006,1276245.28,19718.2,Aérien,FOB,Hauts-de-France,60432.33
2024-10-01,Export,États-Unis,2710,1702572.84,46302.2,Routier,CIF,Occitanie,0.0
2024-08-17,Export,Italie,6203,471054.4,47177.8,Maritime,FOB,Île-de-France,0.0
2024-03-12,Import,Chine,8471,901885.66,15702.4,Ferroviaire,CIF,Occitanie,8711.26
2024-08-04,Export,Pays-Bas,2710,1705701.96,4522.0,Maritime,FOB,Hauts-de-France,0.0
2024-04-03,Import,Maroc,8703,186969.74,12411.7,Routier,CIF,Auvergne-Rhône-Alpes,5321.05
2024-05-22,Import,Maroc,8471,1904432.73,42730.2,Maritime,DAP,Île-de-France,84702.12
2024-08-24,Import,Belgique,8471,247299.24,3084.4,Aérien,DAP,Hauts-de-France,15450.47
2024-05-07,Import,Allemagne,8703,1166735.98,12941.8,Aérien,DAP,Auvergne-Rhône-Alpes,75860.9
2024-02-08,Import,Allemagne,1006,1810630.55,41468.0,Maritime,FOB,Nouvelle-Aquitaine,48025.15
2024-08-14,Export,Allemagne,1006,1644262.38,19750.5,Ferroviaire,FOB,Hauts-de-France,0.0
2024-10-08,Import,Italie,8703,1817066.91,13749.8,Aérien,CIF,Occitanie,64834.61
2024-02-20,Export,Espagne,3004,1766143.26,23952.1,Ferroviaire,FOB,Occitanie,0.0
2024-01-26,Import,Maroc,8703,1287091.79,39860.1,Ferroviaire,CIF,Occitanie,25654.08
2024-11-29,Export,Chine,1006,691348.07,28283.0,Routier,FOB,Île-de-France,0.0
2024-10-03,Export,Pays-Bas,8703,1196247.12,1466.1,Ferroviaire,DDP,Hauts-de-France,0.0
2024-01-08,Import,Pays-Bas,6203,1948089.82,5007.6,Maritime,FOB,Nouvelle-Aquitaine,102370.47
2024-02-17,Export,Italie,8471,712835.25,41961.3,Aérien,DDP,Hauts-de-France,0.0
2024-05-01,Export,Chine,6203,1828390.11,1411.3,Aérien,DDP,Auvergne-Rhône-Alpes,0.0
2024-03-26,Export,Allemagne,8703,1086538.58,8778.7,Maritime,FOB,Nouvelle-Aquitaine,0.0
2024-07-27,Import,Turquie,8471,44756.34,23900.0,Aérien,CIF,Auvergne-Rhône-Alpes,1187.78
2024-09-05,Export,Italie,8703,123814.15,7386.5,Routier,EXW,Hauts-de-France,0.0
2024-09-03,Export,Chine,8471,1174103.24,16828.7,Aérien,DAP,Occitanie,0.0
2024-04-19,Export,Turquie,3004,352534.33,48437.2,Aérien,DDP,Auvergne-Rhône-Alpes,0.0
2024-07-24,Export,Italie,8471,617112.34,34425.2,Maritime,DDP,Occitanie,0.0
2024-01-31,Import,Turquie,8471,368253.1,15911.5,Maritime,DAP,Auvergne-Rhône-Alpes,23827.65
2024-03-25,Export,Chine,8471,1491959.94,11900.6,Maritime,CIF,Occitanie,0.0
2024-07-13,Import,Pays-Bas,8703,534098.82,12477.8,Maritime,EXW,Occitanie,2896.73
2024-01-02,Export,États-Unis,1006,1466506.07,48455.1,Ferroviaire,CIF,Nouvelle-Aquitaine,0.0
2024-07-18,Export,Turquie,2710,207349.98,23975.0,Aérien,FOB,Occitanie,0.0
2024-05-15,Import,Pays-Bas,8703,1599393.16,1671.6,Maritime,CIF,Auvergne-Rhône-Alpes,2569.01
2024-08-20,Export,Espagne,3004,326004.47,3751.0,Ferroviaire,EXW,Occitanie,0.0
2024-05-26,Import,Chine,8471,1216598.66,21710.6,Aérien,DAP,Nouvelle-Aquitaine,5212.47
2024-08-04,Export,Espagne,8703,1322892.8,14870.7,Ferroviaire,DDP,Nouvelle-Aquitaine,0.0
2024-12-22,Export,États-Unis,8703,311411.92,18042.1,Routier,DDP,Occitanie,0.0
2024-10-11,Import,Espagne,1006,198488.86,10348.4,Maritime,CIF,Occitanie,10133.9
2024-12-04,Export,Espagne,2710,980748.14,33052.3,Ferroviaire,FOB,Hauts-de-France,0.0
2024-09-06,Export,Pays-Bas,1006,741956.32,22289.3,Ferroviaire,CIF,Auvergne-Rhône-Alpes,0.0
2024-03-20,Export,Espagne,8703,1130671.94,7557.4,Routier,DDP,Occitanie,0.0
2024-04-07,Import,États-Unis,6203,1109435.8,42040.0,Ferroviaire,DDP,Auvergne-Rhône-Alpes,72637.44
2024-05-31,Export,Allemagne,6203,601209.96,19740.8,Aérien,EXW,Occitanie,0.0
2024-04-21,Import,Belgique,8471,1898377.66,8359.1,Maritime,DAP,Île-de-France,32179.8
2024-01-30,Export,Italie,6203,407828.96,41128.4,Routier,CIF,Île-de-France,0.0
2024-10-23,Import,Pays-Bas,6203,779257.81,19868.4,Ferroviaire,EXW,Nouvelle-Aquitaine,20330.95
2024-10-04,Export,Turquie,6203,229475.09,7483.0,Maritime,EXW,Nouvelle-Aquitaine,0.0
2024-02-01,Import,États-Unis,3004,1572562.53,43373.9,Ferroviaire,DAP,Nouvelle-Aquitaine,110725.48
2024-06-09,Export,Italie,6203,79744.01,13771.4,Ferroviaire,EXW,Occitanie,0.0
2024-01-30,Export,Royaume-Uni,3004,1382574.94,2465.5,Routier,EXW,Hauts-de-France,0.0
2024-01-26,Export,Espagne,8471,625343.85,42142.5,Aérien,CIF,Occitanie,0.0
2024-10-26,Export,Espagne,8471,542492.86,20839.2,Ferroviaire,FOB,Occitanie,0.0
2024-09-01,Export,Allemagne,6203,1520189.12,43359.6,Aérien,EXW,Hauts-de-France,0.0
2024-09-14,Export,Turquie,8703,275621.39,42564.9,Aérien,FOB,Auvergne-Rhône-Alpes,0.0
2024-09-28,Import,Belgique,3004,502733.07,22823.0,Routier,DAP,Nouvelle-Aquitaine,36921.97
2024-03-21,Export,Allemagne,8471,1272642.57,6194.5,Routier,DAP,Nouvelle-Aquitaine,0.0
2024-01-30,Export,Turquie,6203,359279.47,43524.2,Routier,CIF,Auvergne-Rhône-Alpes,0.0
2024-09-17,Export,Pays-Bas,8703,1499177.46,34442.8,Ferroviaire,EXW,Auvergne-Rhône-Alpes,0.0
2024-02-11,Import,Pays-Bas,2710,1714936.82,32369.3,Ferroviaire,DDP,Île-de-France,92976.36
2024-04-05,Import,Allemagne,8471,950823.93,6616.6,Routier,DDP,Hauts-de-France,13174.67
2024-02-05,Export,Chine,1006,850494.57,18824.4,Routier,FOB,Occitanie,0.0
2024-10-31,Export,États-Unis,6203,1356006.33,41215.7,Maritime,EXW,Nouvelle-Aquitaine,0.0
2024-02-04,Export,Pays-Bas,3004,1125106.95,29689.0,Maritime,DAP,Île-de-France,0.0
2024-12-11,Export,Pays-Bas,3004,1976780.13,32030.1,Routier,FOB,Auvergne-Rhône-Alpes,0.0
2024-04-30,Import,Turquie,1006,1799875.65,40271.7,Routier,FOB,Île-de-France,115532.4
2024-07-25,Export,États-Unis,1006,1994950.85,12972.1,Ferroviaire,EXW,Nouvelle-Aquitaine,0.0
2024-03-02,Import,Royaume-Uni,2710,689618.26,35668.8,Routier,DDP,Hauts-de-France,37863.8
2024-10-18,Import,Espagne,1006,1682074.2,43824.9,Aérien,CIF,Nouvelle-Aquitaine,24374.72
2024-05-06,Import,Belgique,3004,1894112.14,44979.7,Aérien,CIF,Occitanie,99165.81
2024-10-23,Export,Royaume-Uni,8703,746506.45,29278.9,Ferroviaire,EXW,Nouvelle-Aquitaine,0.0
2024-10-31,Import,États-Unis,6203,947078.27,9728.0,Routier,DAP,Île-de-France,9078.01
2024-01-21,Import,Turquie,1006,279043.69,10015.6,Aérien,CIF,Auvergne-Rhône-Alpes,9134.59
2024-11-13,Import,Allemagne,8703,977723.79,31552.0,Ferroviaire,CIF,Auvergne-Rhône-Alpes,13830.82
2024-02-11,Import,Espagne,8471,1154676.44,7922.6,Ferroviaire,DAP,Occitanie,72533.16
2024-08-02,Export,Allemagne,6203,1930829.04,19166.4,Aérien,CIF,Île-de-France,0.0
2024-12-02,Export,Allemagne,2710,1514911.24,26552.2,Maritime,FOB,Auvergne-Rhône-Alpes,0.0
2024-10-25,Export,Maroc,6203,627624.06,5136.3,Routier,FOB,Île-de-France,0.0
2024-10-16,Import,Turquie,6203,599913.5,14542.1,Routier,DAP,Auvergne-Rhône-Alpes,34930.9
2024-09-24,Export,Belgique,8471,1992297.13,24509.4,Ferroviaire,EXW,Auvergne-Rhône-Alpes,0.0
2024-06-10,Import,Turquie,6203,1455701.81,6561.2,Aérien,EXW,Hauts-de-France,85487.73
2024-05-13,Import,Turquie,8703,753508.9,32016.4,Maritime,EXW,Île-de-France,46491.48
2024-04-14,Import,Maroc,3004,1381050.75,20839.4,Ferroviaire,FOB,Auvergne-Rhône-Alpes,42011.98
2024-12-08,Import,Pays-Bas,6203,605727.33,33083.6,Aérien,DAP,Île-de-France,32102.72
2024-06-09,Import,Turquie,8471,569000.0,39238.2,Routier,DDP,Auvergne-Rhône-Alpes,22657.08
2024-05-02,Export,Allemagne,6203,1408356.32,14768.3,Ferroviaire,FOB,Occitanie,0.0
2024-05-15,Export,Espagne,8703,472838.01,638.5,Ferroviaire,FOB,Île-de-France,0.0
2024-07-21,Import,Belgique,1006,1448509.42,5065.4,Routier,CIF,Occitanie,29652.97
2024-03-08,Import,Pays-Bas,3004,204118.79,8735.9,Routier,DAP,Île-de-France,644.11
2024-12-09,Import,Italie,2710,1703235.57,44514.7,Aérien,CIF,Hauts-de-France,1317.94
2024-11-26,Export,Espagne,3004,1910402.87,13416.2,Routier,FOB,Île-de-France,0.0
2024-06-02,Export,États-Unis,2710,803499.2,22827.5,Ferroviaire,DAP,Auvergne-Rhône-Alpes,0.0
2024-08-22,Import,Italie,8703,269360.59,36320.8,Ferroviaire,DDP,Occitanie,21151.68
2024-06-10,Export,Chine,6203,366614.82,18988.2,Maritime,FOB,Occitanie,0.0
2024-02-07,Export,Allemagne,8703,230310.27,20564.8,Routier,CIF,Île-de-France,0.0
2024-01-05,Import,Maroc,2710,1955901.64,33492.5,Maritime,DAP,Auvergne-Rhône-Alpes,52934.62
2024-08-22,Export,États-Unis,8471,694770.23,33815.1,Maritime,EXW,Auvergne-Rhône-Alpes,0.0
2024-11-14,Export,Espagne,1006,1704482.95,43470.9,Routier,FOB,Hauts-de-France,0.0
2024-10-15,Export,États-Unis,1006,105449.68,11136.1,Aérien,EXW,Occitanie,0.0
2024-02-21,Export,Royaume-Uni,1006,1603516.27,22405.5,Routier,EXW,Occitanie,0.0
2024-02-07,Import,Allemagne,8703,209773.43,20617.5,Routier,DDP,Nouvelle-Aquitaine,9349.7
2024-10-02,Import,Allemagne,8471,1310918.99,22810.9,Ferroviaire,CIF,Nouvelle-Aquitaine,35746.58
2024-04-19,Export,Royaume-Uni,8703,1434732.85,18165.4,Maritime,FOB,Île-de-France,0.0
2024-09-16,Export,Pays-Bas,6203,713502.26,31683.4,Routier,EXW,Île-de-France,0.0
2024-05-15,Import,États-Unis,8703,987382.17,41092.1,Routier,DDP,Auvergne-Rhône-Alpes,58651.36
2024-03-08,Import,Belgique,2710,245887.89,42609.9,Routier,EXW,Occitanie,4240.87
2024-06-27,Import,Royaume-Uni,1006,1853619.93,41873.5,Aérien,DAP,Île-de-France,87314.56
2024-02-05,Import,Maroc,8471,1108686.53,21641.1,Aérien,FOB,Île-de-France,51897.24
2024-05-05,Export,Chine,6203,1316756.01,30308.4,Ferroviaire,DAP,Nouvelle-Aquitaine,0.0
2024-07-08,Import,Royaume-Uni,8471,550823.78,48179.7,Aérien,DAP,Nouvelle-Aquitaine,42765.59
2024-05-25,Export,Chine,2710,1686933.49,27390.8,Aérien,FOB,Auvergne-Rhône-Alpes,0.0
2024-03-21,Export,Italie,2710,1374789.54,46059.7,Aérien,DDP,Nouvelle-Aquitaine,0.0
2024-08-12,Export,Maroc,1006,1422153.69,38039.0,Ferroviaire,DDP,Hauts-de-France,0.0
2024-10-05,Export,Allemagne,1006,1617568.03,26137.0,Aérien,EXW,Île-de-France,0.0
2024-12-26,Import,Pays-Bas,8471,537621.65,39276.8,Maritime,CIF,Auvergne-Rhône-Alpes,42301.46
2024-06-03,Import,Maroc,8471,720571.46,22630.3,Ferroviaire,FOB,Nouvelle-Aquitaine,35516.04
2024-11-09,Export,États-Unis,1006,1387407.47,2349.9,Ferroviaire,CIF,Nouvelle-Aquitaine,0.0
2024-11-30,Import,Royaume-Uni,8471,30865.65,12567.8,Routier,DDP,Nouvelle-Aquitaine,1532.32
2024-09-27,Import,Italie,2710,1553412.76,48214.5,Maritime,FOB,Auvergne-Rhône-Alpes,36558.35
2024-01-05,Import,Italie,8471,757510.46,21426.0,Routier,EXW,Hauts-de-France,33730.34
2024-12-07,Export,Italie,3004,1420830.15,7741.1,Maritime,DDP,Hauts-de-France,0.0
2024-10-10,Export,Espagne,2710,1580866.82,27508.5,Routier,DDP,Auvergne-Rhône-Alpes,0.0
2024-06-02,Import,Maroc,6203,1043609.54,39313.1,Ferroviaire,EXW,Hauts-de-France,13305.65
2024-12-05,Import,Pays-Bas,8471,1767376.49,33167.1,Ferroviaire,DDP,Île-de-France,46809.54
2024-02-23,Import,Turquie,6203,1339532.24,22283.9,Aérien,EXW,Hauts-de-France,96928.17
2024-03-09,Export,États-Unis,3004,1832285.2,47249.4,Routier,EXW,Nouvelle-Aquitaine,0.0
2024-05-15,Export,Royaume-Uni,8703,1031046.58,25437.3,Routier,FOB,Hauts-de-France,0.0
2024-02-29,Import,Maroc,6203,1896682.58,8370.6,Maritime,EXW,Auvergne-Rhône-Alpes,145100.19
2024-02-24,Import,Maroc,2710,1730576.96,21211.0,Ferroviaire,EXW,Auvergne-Rhône-Alpes,14388.27
2024-10-10,Import,Allemagne,8471,921154.34,16586.4,Routier,DDP,Île-de-France,6449.62
2024-03-20,Import,États-Unis,1006,1822418.22,20382.2,Routier,EXW,Occitanie,65771.17
2024-05-19,Import,Turquie,8703,1071994.57,32071.5,Maritime,CIF,Nouvelle-Aquitaine,53029.37
2024-05-24,Import,Pays-Bas,1006,583224.01,34294.2,Ferroviaire,DAP,Île-de-France,28301.1
2024-11-05,Export,États-Unis,6203,316865.33,10994.1,Routier,FOB,Hauts-de-France,0.0
2024-04-17,Export,Maroc,8471,1914996.34,558.5,Maritime,EXW,Île-de-France,0.0
2024-06-24,Export,Pays-Bas,8471,1076618.34,47349.0,Routier,FOB,Occitanie,0.0
2024-04-14,Import,Belgique,8703,326103.94,11040.2,Aérien,DDP,Île-de-France,21777.18
2024-12-17,Export,Espagne,3004,1291125.66,3658.2,Maritime,FOB,Nouvelle-Aquitaine,0.0
2024-11-20,Export,Belgique,8703,1903322.11,17857.6,Routier,DDP,Île-de-France,0.0
2024-05-15,Import,Pays-Bas,2710,638982.94,22532.8,Aérien,DDP,Nouvelle-Aquitaine,31506.58
2024-09-15,Export,Italie,8703,1616361.03,47933.0,Routier,FOB,Auvergne-Rhône-Alpes,0.0
2024-09-07,Export,Chine,1006,556976.27,17974.9,Ferroviaire,DAP,Hauts-de-France,0.0
2024-05-08,Export,Turquie,8703,976507.91,5442.5,Routier,FOB,Nouvelle-Aquitaine,0.0
2024-01-27,Import,Espagne,8703,530153.13,44316.9,Maritime,DDP,Nouvelle-Aquitaine,3242.94
2024-02-17,Export,Allemagne,6203,1539554.51,10638.8,Routier,DDP,Nouvelle-Aquitaine,0.0
2024-11-20,Export,États-Unis,8471,1309546.74,7432.5,Routier,FOB,Occitanie,0.0
2024-08-04,Import,Turquie,2710,796586.39,25108.9,Aérien,DDP,Auvergne-Rhône-Alpes,42230.45
2024-05-21,Export,Turquie,2710,322648.72,28318.3,Aérien,DAP,Hauts-de-France,0.0
2024-01-23,Import,Chine,8471,441544.14,24382.6,Maritime,FOB,Nouvelle-Aquitaine,2220.48
2024-01-02,Export,Allemagne,8703,779245.75,45895.2,Routier,EXW,Nouvelle-Aquitaine,0.0
2024-06-19,Export,Maroc,6203,1670570.17,13166.5,Aérien,DAP,Occitanie,0.0
2024-03-07,Export,Espagne,6203,1177419.26,44911.4,Routier,DAP,Auvergne-Rhône-Alpes,0.0
2024-11-22,Export,Royaume-Uni,1006,709031.53,43386.1,Maritime,DDP,Auvergne-Rhône-Alpes,0.0
2024-05-14,Export,Pays-Bas,8471,335383.62,3855.3,Aérien,FOB,Auvergne-Rhône-Alpes,0.0
2024-03-23,Export,Belgique,1006,1206030.45,40847.9,Routier,EXW,Occitanie,0.0
2024-08-14,Export,États-Unis,8703,960647.22,29540.0,Aérien,EXW,Auvergne-Rhône-Alpes,0.0
2024-10-09,Import,Italie,8703,273774.48,25632.6,Aérien,CIF,Auvergne-Rhône-Alpes,19510.21
2024-12-27,Export,Allemagne,2710,1200718.26,28180.7,Routier,EXW,Auvergne-Rhône-Alpes,0.0
2024-08-06,Export,Royaume-Uni,8471,1215019.17,23571.2,Aérien,DAP,Nouvelle-Aquitaine,0.0
2024-10-14,Import,Maroc,3004,1590259.06,41022.8,Aérien,CIF,Occitanie,23139.43
2024-01-05,Import,Belgique,6203,463478.51,19273.7,Ferroviaire,FOB,Nouvelle-Aquitaine,4025.59
2024-02-27,Import,Maroc,6203,358957.26,45080.5,Maritime,EXW,Occitanie,17224.6
2024-02-08,Import,États-Unis,6203,1804459.59,26964.8,Ferroviaire,CIF,Île-de-France,173.26
2024-12-19,Export,États-Unis,3004,462825.08,40115.2,Maritime,DAP,Auvergne-Rhône-Alpes,0.0
2024-03-17,Export,Espagne,3004,956896.77,11626.4,Ferroviaire,CIF,Auvergne-Rhône-Alpes,0.0
2024-10-06,Import,Espagne,6203,1419751.93,39471.3,Maritime,DAP,Auvergne-Rhône-Alpes,65647.87
2024-01-19,Export,États-Unis,2710,820645.93,5330.1,Routier,CIF,Nouvelle-Aquitaine,0.0
2024-07-08,Export,États-Unis,8471,1131517.12,30594.4,Ferroviaire,DDP,Nouvelle-Aquitaine,0.0
2024-10-25,Export,Royaume-Uni,3004,361545.6,27955.1,Routier,DDP,Hauts-de-France,0.0
2024-10-09,Export,Espagne,2710,1472885.95,42750.1,Aérien,DAP,Auvergne-Rhône-Alpes,0.0
2024-03-16,Import,Maroc,6203,432843.99,20028.6,Maritime,FOB,Occitanie,11719.26
2024-08-08,Import,Turquie,1006,1609716.87,41163.0,Maritime,EXW,Hauts-de-France,60740.24
2024-03-06,Import,États-Unis,6203,744816.08,30451.8,Routier,DDP,Île-de-France,43169.22
2024-01-22,Import,Maroc,3004,1282381.17,21949.2,Aérien,EXW,Nouvelle-Aquitaine,20693.25
2024-06-06,Import,Allemagne,8471,1232304.02,33701.5,Maritime,CIF,Occitanie,35464.72
2024-07-05,Export,Belgique,6203,1340975.78,20273.1,Maritime,EXW,Île-de-France,0.0
2024-01-21,Export,Turquie,3004,1453646.73,27956.1,Routier,CIF,Auvergne-Rhône-Alpes,0.0
2024-07-02,Import,Italie,1006,912244.22,20198.4,Maritime,DDP,Île-de-France,339.46
2024-04-17,Export,Maroc,3004,683231.96,5851.3,Routier,DAP,Occitanie,0.0
2024-12-15,Export,Royaume-Uni,2710,1541084.55,37873.9,Ferroviaire,DDP,Île-de-France,0.0
2024-05-07,Export,Belgique,2710,236955.26,3378.6,Aérien,CIF,Occitanie,0.0
2024-12-07,Export,Pays-Bas,8471,1035425.91,487.1,Routier,EXW,Occitanie,0.0
2024-02-22,Export,Royaume-Uni,3004,156677.5,46569.9,Routier,FOB,Nouvelle-Aquitaine,0.0
2024-06-30,Export,Belgique,1006,369654.98,37308.1,Aérien,FOB,Auvergne-Rhône-Alpes,0.0
2024-10-13,Export,Belgique,6203,417523.37,10139.1,Routier,FOB,Île-de-France,0.0
2024-07-27,Import,Turquie,8703,1840775.32,33790.9,Maritime,DAP,Hauts-de-France,97697.17
2024-11-13,Export,Turquie,3004,987219.05,49268.1,Ferroviaire,FOB,Nouvelle-Aquitaine,0.0
2024-03-20,Export,Italie,8703,798769.6,37508.7,Ferroviaire,DAP,Nouvelle-Aquitaine,0.0
2024-05-01,Import,Italie,1006,1007438.05,19686.5,Maritime,DDP,Occitanie,55315.49
2024-03-24,Export,Belgique,1006,1379975.05,592.0,Maritime,CIF,Hauts-de-France,0.0
2024-03-31,Export,Pays-Bas,1006,378369.12,13143.2,Routier,CIF,Auvergne-Rhône-Alpes,0.0
2024-07-30,Export,Chine,3004,850766.05,20955.2,Ferroviaire,CIF,Occitanie,0.0
2024-01-13,Import,Espagne,2710,1144962.39,48963.6,Routier,FOB,Nouvelle-Aquitaine,62836.63
2024-04-01,Export,Italie,1006,1713335.93,9804.0,Maritime,FOB,Occitanie,0.0
2024-06-19,Export,Maroc,6203,273271.01,44663.6,Routier,DAP,Hauts-de-France,0.0
2024-07-29,Export,États-Unis,8703,1126466.21,28392.2,Aérien,EXW,Auvergne-Rhône-Alpes,0.0
2024-12-08,Export,Royaume-Uni,2710,955696.15,31493.5,Routier,CIF,Hauts-de-France,0.0
2024-05-07,Export,Pays-Bas,3004,1122898.32,46592.3,Maritime,DAP,Île-de-France,0.0
2024-05-16,Export,Belgique,6203,1735400.33,48155.9,Aérien,CIF,Hauts-de-France,0.0
2024-03-22,Export,Royaume-Uni,8703,1348019.72,24375.2,Ferroviaire,DDP,Hauts-de-France,0.0
2024-12-25,Export,Italie,2710,1265265.82,7243.3,Routier,DAP,Nouvelle-Aquitaine,0.0
2024-02-25,Export,Italie,3004,1698557.04,3568.1,Aérien,CIF,Hauts-de-France,0.0
2024-07-14,Export,États-Unis,3004,1422314.8,30269.6,Ferroviaire,CIF,Nouvelle-Aquitaine,0.0
2024-01-20,Export,Allemagne,8471,830908.18,9195.1,Aérien,CIF,Île-de-France,0.0
2024-08-28,Import,Royaume-Uni,6203,337986.38,5151.4,Maritime,EXW,Occitanie,1724.88
2024-04-23,Import,États-Unis,3004,212337.17,30905.5,Aérien,FOB,Hauts-de-France,1432.19
2024-04-12,Export,Italie,8703,1254828.97,6564.7,Maritime,CIF,Hauts-de-France,0.0
2024-08-23,Export,Pays-Bas,6203,937050.99,43545.0,Ferroviaire,FOB,Nouvelle-Aquitaine,0.0
2024-06-28,Import,Turquie,1006,1183707.7,22827.7,Routier,CIF,Occitanie,70919.39
2024-06-05,Import,Pays-Bas,8471,1610391.99,22093.6,Routier,EXW,Île-de-France,47124.36
2024-04-26,Import,Royaume-Uni,1006,691050.41,23460.4,Routier,EXW,Occitanie,459.8
2024-04-24,Export,Maroc,3004,1196022.49,39838.6,Aérien,DAP,Nouvelle-Aquitaine,0.0
2024-01-13,Export,États-Unis,1006,792530.4,8164.3,Aérien,CIF,Île-de-France,0.0
2024-12-03,Export,Turquie,2710,1252519.41,25831.0,Routier,CIF,Nouvelle-Aquitaine,0.0
2024-04-08,Export,Italie,8471,828743.23,42674.2,Routier,EXW,Occitanie,0.0
2024-07-23,Export,Belgique,3004,547907.59,31138.1,Maritime,FOB,Île-de-France,0.0
2024-06-17,Import,Royaume-Uni,2710,375945.51,5114.6,Maritime,FOB,Île-de-France,8096.22
2024-05-22,Import,Royaume-Uni,3004,34376.07,10860.2,Ferroviaire,EXW,Hauts-de-France,1155.7
2024-02-05,Import,États-Unis,8703,1687874.87,47582.3,Ferroviaire,FOB,Auvergne-Rhône-Alpes,7566.86
2024-05-22,Export,Espagne,2710,1635415.19,41412.8,Aérien,DAP,Occitanie,0.0
2024-06-28,Import,Espagne,6203,1476549.93,1676.5,Aérien,DAP,Occitanie,54435.63
2024-11-24,Export,Allemagne,2710,1872749.42,7931.4,Maritime,CIF,Occitanie,0.0
2024-09-17,Export,Belgique,8703,401453.65,44376.1,Aérien,DAP,Hauts-de-France,0.0
2024-07-23,Import,Belgique,8703,338883.91,13805.7,Maritime,DDP,Occitanie,3243.79
2024-12-13,Import,Espagne,2710,745940.33,4474.9,Routier,EXW,Île-de-France,9410.69
2024-10-01,Export,Espagne,8471,1290926.92,35066.7,Ferroviaire,FOB,Hauts-de-France,0.0
2024-06-18,Export,Belgique,8703,1612023.13,21936.5,Ferroviaire,CIF,Auvergne-Rhône-Alpes,0.0
2024-01-15,Export,Royaume-Uni,6203,1797832.77,24265.6,Routier,DDP,Occitanie,0.0
2024-02-29,Import,Royaume-Uni,3004,1135569.96,27181.5,Aérien,EXW,Nouvelle-Aquitaine,29404.98
2024-05-13,Import,Royaume-Uni,8703,901521.48,40971.1,Ferroviaire,FOB,Île-de-France,39061.55
2024-04-01,Export,Espagne,2710,1553153.05,11940.1,Ferroviaire,FOB,Nouvelle-Aquitaine,0.0
2024-10-24,Export,Pays-Bas,3004,1532639.52,7707.4,Ferroviaire,CIF,Île-de-France,0.0
2024-05-15,Import,Italie,8471,1048785.08,3334.9,Maritime,FOB,Île-de-France,70075.07
2024-01-20,Export,États-Unis,2710,387275.2,1591.8,Ferroviaire,DDP,Nouvelle-Aquitaine,0.0
2024-02-25,Export,Espagne,8703,102925.83,11036.9,Aérien,DAP,Île-de-France,0.0
2024-11-01,Export,Maroc,2710,1603034.8,3035.9,Ferroviaire,CIF,Île-de-France,0.0
2024-08-10,Export,Pays-Bas,8703,1060396.56,36715.3,Aérien,DDP,Île-de-France,0.0
2024-06-25,Import,Maroc,2710,1451718.01,26583.5,Aérien,DDP,Auvergne-Rhône-Alpes,22003.45
2024-06-09,Export,Turquie,3004,1493486.21,38314.4,Ferroviaire,DAP,Île-de-France,0.0
2024-08-11,Import,Italie,6203,1585960.89,27498.7,Ferroviaire,CIF,Hauts-de-France,64033.84
2024-11-06,Export,États-Unis,2710,1690483.76,20617.8,Routier,DDP,Auvergne-Rhône-Alpes,0.0
2024-09-18,Import,Chine,1006,753250.83,27512.4,Ferroviaire,DAP,Île-de-France,44868.34
2024-02-29,Import,Pays-Bas,8703,1965998.16,29788.5,Routier,FOB,Auvergne-Rhône-Alpes,81409.52
2024-07-16,Export,Pays-Bas,6203,48294.24,41097.2,Aérien,EXW,Île-de-France,0.0
2024-10-22,Export,Chine,6203,714533.23,6921.3,Aérien,FOB,Hauts-de-France,0.0
2024-04-07,Export,Belgique,2710,188350.72,19990.5,Maritime,CIF,Occitanie,0.0
2024-05-10,Import,Espagne,6203,979111.41,44951.3,Routier,EXW,Nouvelle-Aquitaine,55053.31
2024-01-23,Export,Chine,3004,161562.4,2797.1,Ferroviaire,DAP,Île-de-France,0.0
2024-12-28,Import,États-Unis,8703,1496618.92,42474.1,Routier,DDP,Île-de-France,111187.19
2024-08-11,Export,Maroc,2710,1082159.81,7479.9,Aérien,FOB,Île-de-France,0.0
2024-01-01,Export,Turquie,6203,1942225.29,37642.3,Maritime,FOB,Occitanie,0.0
2024-09-23,Export,Chine,8703,1573804.76,7401.5,Ferroviaire,DDP,Île-de-France,0.0
2024-10-02,Export,États-Unis,2710,528803.16,19927.0,Aérien,FOB,Occitanie,0.0
2024-12-17,Import,Turquie,2710,978282.89,32612.8,Aérien,FOB,Île-de-France,15347.25
2024-12-09,Export,Turquie,8703,1554659.94,16171.3,Maritime,DAP,Occitanie,0.0
2024-04-10,Export,Turquie,2710,699874.17,16037.6,Maritime,CIF,Auvergne-Rhône-Alpes,0.0
2024-07-05,Export,Royaume-Uni,6203,1234360.88,49508.0,Aérien,DAP,Île-de-France,0.0
2024-08-08,Import,Espagne,8703,403372.0,18691.7,Maritime,FOB,Nouvelle-Aquitaine,24451.89
2024-02-05,Import,Espagne,3004,1738160.94,41006.9,Ferroviaire,DAP,Île-de-France,1909.65
2024-12-06,Export,Belgique,6203,421974.03,26900.7,Routier,DDP,Occitanie,0.0
2024-06-18,Import,Maroc,8703,1391666.93,33413.4,Routier,FOB,Île-de-France,41928.88
2024-11-15,Export,Pays-Bas,8703,405388.63,34826.6,Ferroviaire,EXW,Île-de-France,0.0
2024-06-09,Export,Chine,8703,1322443.79,33149.4,Maritime,CIF,Occitanie,0.0
2024-12-05,Import,Chine,1006,1959686.74,25427.5,Maritime,FOB,Auvergne-Rhône-Alpes,111261.42
2024-03-04,Export,Allemagne,8471,1123571.65,35623.7,Routier,CIF,Occitanie,0.0
2024-06-02,Export,Chine,3004,1490059.49,919.6,Routier,FOB,Nouvelle-Aquitaine,0.0
2024-09-16,Export,États-Unis,8703,1624726.26,31290.0,Routier,FOB,Auvergne-Rhône-Alpes,0.0
2024-06-07,Export,Espagne,2710,1794864.75,32846.9,Ferroviaire,DDP,Nouvelle-Aquitaine,0.0
2024-12-07,Import,Pays-Bas,6203,837580.01,28645.4,Routier,DAP,Nouvelle-Aquitaine,28575.88
2024-07-28,Import,Belgique,8471,417480.76,6929.7,Routier,DDP,Auvergne-Rhône-Alpes,18080.38
2024-06-16,Export,Italie,2710,1991393.17,48788.9,Aérien,CIF,Île-de-France,0.0
2024-07-25,Import,Allemagne,3004,372349.76,41976.3,Ferroviaire,DAP,Hauts-de-France,4334.83
2024-12-22,Export,Pays-Bas,8471,1492491.41,41085.1,Aérien,EXW,Auvergne-Rhône-Alpes,0.0
2024-05-31,Import,Turquie,6203,57265.45,49297.8,Aérien,DDP,Auvergne-Rhône-Alpes,2826.38
2024-10-10,Import,Royaume-Uni,8471,1376318.88,17963.7,Ferroviaire,CIF,Auvergne-Rhône-Alpes,75768.15
2024-03-06,Export,Belgique,8471,985433.97,6876.5,Maritime,DAP,Île-de-France,0.0
2024-04-08,Export,Belgique,8471,1900645.09,11128.5,Maritime,FOB,Occitanie,0.0
2024-08-03,Export,Belgique,1006,1377286.09,43338.9,Ferroviaire,EXW,Nouvelle-Aquitaine,0.0
2024-12-06,Export,Turquie,6203,1441800.82,19708.1,Maritime,DDP,Île-de-France,0.0
2024-07-13,Export,Belgique,6203,916516.35,43888.5,Ferroviaire,EXW,Nouvelle-Aquitaine,0.0
2024-12-12,Export,Allemagne,8471,1034672.73,31532.8,Routier,DAP,Occitanie,0.0
2024-03-30,Export,Italie,1006,1548485.64,14296.4,Routier,DDP,Île-de-France,0.0
2024-11-11,Import,Maroc,8703,929840.01,32305.4,Aérien,DDP,Nouvelle-Aquitaine,6727.64
2024-10-18,Import,Royaume-Uni,6203,789168.1,16173.7,Aérien,DAP,Île-de-France,1572.79
2024-06-03,Export,Italie,2710,651529.19,32429.2,Maritime,EXW,Île-de-France,0.0
2024-07-26,Export,États-Unis,2710,1269974.47,4266.2,Aérien,DAP,Nouvelle-Aquitaine,0.0
2024-10-07,Export,Chine,6203,92592.64,8545.1,Aérien,FOB,Auvergne-Rhône-Alpes,0.0
2024-01-01,Import,Royaume-Uni,3004,1539467.81,2566.5,Aérien,EXW,Auvergne-Rhône-Alpes,37940.15
2024-06-04,Import,Royaume-Uni,1006,12048.13,38270.0,Maritime,DDP,Occitanie,11.77
2024-05-26,Import,Royaume-Uni,8703,437663.32,32973.9,Maritime,FOB,Nouvelle-Aquitaine,15886.78
2024-04-17,Export,Belgique,8703,1241433.25,27877.9,Aérien,FOB,Île-de-France,0.0
2024-08-08,Export,Turquie,6203,78258.5,42691.6,Routier,CIF,Île-de-France,0.0
2024-10-23,Import,Pays-Bas,6203,222230.85,49686.8,Aérien,DAP,Nouvelle-Aquitaine,2868.29
2024-11-06,Export,Pays-Bas,3004,1863302.24,4657.2,Routier,DAP,Île-de-France,0.0
2024-12-01,Export,Royaume-Uni,8471,1687402.71,3247.2,Maritime,CIF,Hauts-de-France,0.0
2024-06-13,Export,Turquie,8703,1051669.19,34791.8,Maritime,DDP,Nouvelle-Aquitaine,0.0
2024-08-26,Import,Pays-Bas,1006,969907.65,34433.0,Routier,CIF,Nouvelle-Aquitaine,72463.09
2024-08-14,Export,Royaume-Uni,6203,1854575.21,30714.9,Ferroviaire,DAP,Auvergne-Rhône-Alpes,0.0
2024-08-14,Import,Allemagne,1006,1418631.2,48962.9,Maritime,FOB,Nouvelle-Aquitaine,179.42
2024-12-11,Export,Maroc,2710,831012.07,16690.3,Aérien,EXW,Auvergne-Rhône-Alpes,0.0
2024-04-19,Export,Pays-Bas,6203,512562.96,3392.7,Routier,EXW,Île-de-France,0.0
2024-09-18,Export,Turquie,8703,686016.36,36220.1,Aérien,FOB,Hauts-de-France,0.0
2024-08-30,Export,Royaume-Uni,8703,1844948.13,23955.9,Aérien,DAP,Auvergne-Rhône-Alpes,0.0
2024-03-27,Export,Chine,1006,1784656.36,26848.8,Ferroviaire,EXW,Nouvelle-Aquitaine,0.0
2024-12-03,Export,Maroc,6203,1132060.57,33910.2,Maritime,FOB,Nouvelle-Aquitaine,0.0
2024-02-13,Export,Chine,8703,1600072.99,44401.6,Aérien,CIF,Île-de-France,0.0
2024-05-25,Export,Italie,6203,1967319.44,31325.9,Ferroviaire,FOB,Nouvelle-Aquitaine,0.0
2024-09-20,Import,Chine,2710,1729864.41,37577.3,Maritime,CIF,Occitanie,97601.19
2024-12-05,Import,Pays-Bas,8471,996623.6,11882.9,Routier,FOB,Île-de-France,36030.44
2024-11-20,Export,Espagne,1006,1570963.25,38889.7,Maritime,DAP,Nouvelle-Aquitaine,0.0
2024-11-13,Import,Maroc,3004,384472.3,46181.9,Routier,FOB,Île-de-France,22528.26
2024-06-20,Import,Maroc,8703,414348.28,1828.6,Maritime,CIF,Île-de-France,12847.72
2024-02-17,Import,Pays-Bas,8703,669913.06,44459.4,Routier,FOB,Hauts-de-France,5525.59
2024-04-30,Import,Royaume-Uni,2710,389128.55,13833.2,Maritime,CIF,Auvergne-Rhône-Alpes,9935.22
2024-12-10,Import,Maroc,8703,550905.59,763.8,Aérien,DDP,Hauts-de-France,27454.71
2024-06-07,Export,Pays-Bas,6203,545748.94,47163.9,Aérien,FOB,Île-de-France,0.0
2024-04-25,Export,Royaume-Uni,8703,1228459.45,16937.6,Aérien,EXW,Occitanie,0.0
2024-04-11,Import,Italie,2710,216324.2,2690.9,Ferroviaire,DDP,Hauts-de-France,7380.39
2024-03-16,Export,Maroc,8703,668002.53,9908.2,Ferroviaire,DDP,Auvergne-Rhône-Alpes,0.0
2024-01-13,Import,Royaume-Uni,3004,1626637.78,45984.5,Ferroviaire,DAP,Auvergne-Rhône-Alpes,60937.22
2024-01-24,Import,Chine,1006,291724.76,44785.1,Aérien,CIF,Hauts-de-France,6022.43
2024-05-05,Export,Espagne,3004,977575.93,3269.2,Ferroviaire,DAP,Auvergne-Rhône-Alpes,0.0
2024-08-31,Export,Italie,6203,1537043.32,30222.4,Maritime,DAP,Île-de-France,0.0
2024-11-08,Export,Pays-Bas,6203,1114518.97,3547.1,Ferroviaire,DAP,Nouvelle-Aquitaine,0.0
2024-02-07,Export,Italie,1006,480957.71,12185.3,Ferroviaire,EXW,Hauts-de-France,0.0
2024-08-21,Import,États-Unis,6203,1628761.83,29548.9,Routier,DDP,Auvergne-Rhône-Alpes,102196.85
2024-07-31,Import,Turquie,1006,1326911.45,3895.6,Maritime,DDP,Nouvelle-Aquitaine,98813.85
2024-11-18,Export,Royaume-Uni,8471,654129.3,4883.6,Routier,DAP,Île-de-France,0.0
2024-10-21,Import,Chine,1006,1372589.82,29820.7,Maritime,EXW,Auvergne-Rhône-Alpes,90027.15
2024-04-09,Import,Allemagne,8471,1775086.77,45162.9,Aérien,DAP,Nouvelle-Aquitaine,90335.28
2024-12-22,Export,Belgique,8471,783015.41,28897.0,Routier,CIF,Nouvelle-Aquitaine,0.0
2024-07-15,Export,Chine,8703,1837410.74,46833.9,Maritime,DDP,Nouvelle-Aquitaine,0.0
2024-09-10,Export,Allemagne,3004,1696035.31,42625.4,Maritime,EXW,Nouvelle-Aquitaine,0.0
2024-07-23,Export,Allemagne,8471,223848.14,14111.2,Ferroviaire,DDP,Occitanie,0.0
2024-05-04,Export,États-Unis,6203,1424988.44,20302.2,Aérien,FOB,Occitanie,0.0
2024-03-16,Import,États-Unis,8471,380512.54,19230.4,Routier,FOB,Auvergne-Rhône-Alpes,28142.16
2024-12-01,Import,Royaume-Uni,2710,148133.26,786.4,Ferroviaire,FOB,Île-de-France,8548.35
2024-12-18,Import,Turquie,1006,1286274.58,20793.4,Aérien,DAP,Nouvelle-Aquitaine,46926.25
2024-01-03,Export,Chine,8471,1106339.81,22502.8,Aérien,DAP,Nouvelle-Aquitaine,0.0
2024-02-24,Import,Maroc,3004,1157987.31,42340.3,Ferroviaire,DDP,Nouvelle-Aquitaine,21932.28
2024-08-05,Export,Royaume-Uni,2710,71756.44,1894.2,Routier,EXW,Nouvelle-Aquitaine,0.0
2024-04-22,Export,Maroc,3004,1923666.81,4004.1,Ferroviaire,DDP,Île-de-France,0.0
2024-03-31,Import,Espagne,2710,494236.45,31533.5,Routier,DDP,Île-de-France,26243.44
2024-12-22,Export,Royaume-Uni,6203,1072391.36,540.2,Ferroviaire,DDP,Hauts-de-France,0.0
2024-09-22,Export,Pays-Bas,3004,709064.51,48888.0,Aérien,EXW,Nouvelle-Aquitaine,0.0
2024-08-25,Export,Allemagne,2710,1455308.57,28185.7,Ferroviaire,DDP,Auvergne-Rhône-Alpes,0.0
2024-01-26,Import,Allemagne,3004,1314358.17,14588.4,Ferroviaire,EXW,Auvergne-Rhône-Alpes,77534.52
2024-10-12,Import,Pays-Bas,3004,1703633.29,13893.2,Routier,EXW,Île-de-France,18063.8
2024-05-07,Import,Chine,8471,1820712.32,36948.6,Routier,FOB,Occitanie,96010.62
2024-03-03,Import,Espagne,8471,1599747.15,43100.9,Aérien,DAP,Occitanie,43877.61
2024-08-21,Export,Italie,8471,479705.14,22009.8,Routier,EXW,Hauts-de-France,0.0
2024-03-09,Import,Royaume-Uni,2710,109783.78,23201.3,Aérien,DAP,Occitanie,4182.6
2024-08-25,Export,États-Unis,8703,528937.18,26522.6,Routier,DAP,Occitanie,0.0
2024-12-07,Export,Allemagne,8703,1923716.63,34144.1,Routier,DAP,Nouvelle-Aquitaine,0.0
2024-09-28,Export,Espagne,3004,673259.98,13355.1,Ferroviaire,DAP,Auvergne-Rhône-Alpes,0.0
2024-10-13,Import,Chine,6203,1042304.88,33886.2,Maritime,EXW,Île-de-France,82818.61
2024-10-31,Import,Chine,8471,825441.29,26263.7,Routier,CIF,Auvergne-Rhône-Alpes,45267.17
2024-06-11,Import,Belgique,6203,52282.44,4598.0,Maritime,EXW,Île-de-France,3925.39
2024-08-14,Import,Italie,8703,755037.09,38193.1,Aérien,CIF,Hauts-de-France,39135.44
2024-11-09,Export,Royaume-Uni,3004,1322653.3,3786.6,Ferroviaire,CIF,Hauts-de-France,0.0
2024-09-15,Import,États-Unis,3004,1562558.94,13865.1,Maritime,CIF,Hauts-de-France,7798.72
2024-08-06,Import,Turquie,1006,883946.79,24586.6,Aérien,DAP,Île-de-France,65665.67
2024-10-07,Import,Espagne,1006,1083561.15,21563.2,Routier,EXW,Île-de-France,53221.6
2024-08-16,Import,Allemagne,1006,145472.59,36377.5,Aérien,EXW,Île-de-France,9045.34
2024-03-22,Export,États-Unis,6203,536540.78,35003.1,Maritime,DDP,Occitanie,0.0
2024-08-31,Export,Espagne,6203,874935.05,42202.6,Aérien,EXW,Occitanie,0.0
2024-08-18,Export,Chine,3004,246801.28,26765.7,Routier,DAP,Île-de-France,0.0
2024-05-12,Import,Royaume-Uni,3004,733883.95,42667.3,Aérien,FOB,Nouvelle-Aquitaine,19965.33
2024-05-06,Import,États-Unis,8703,1935188.36,33037.0,Routier,DAP,Île-de-France,46269.63
2024-11-22,Export,Belgique,8703,1471971.75,6998.0,Aérien,DAP,Occitanie,0.0
2024-05-21,Import,Royaume-Uni,8703,1586514.65,32170.7,Maritime,CIF,Île-de-France,63420.5
2024-09-23,Export,Espagne,8471,1576618.17,2141.7,Ferroviaire,DDP,Auvergne-Rhône-Alpes,0.0
2024-09-05,Import,Allemagne,1006,1850007.54,1844.8,Maritime,FOB,Auvergne-Rhône-Alpes,20955.48
2024-11-16,Import,Espagne,1006,348636.77,2498.8,Aérien,DDP,Île-de-France,8571.93
2024-05-02,Import,Espagne,8471,232788.47,29749.3,Ferroviaire,CIF,Occitanie,11464.9
2024-05-20,Export,Maroc,8471,246000.87,34204.7,Routier,FOB,Île-de-France,0.0
2024-08-13,Import,États-Unis,8471,674329.94,6038.2,Routier,DDP,Auvergne-Rhône-Alpes,7619.22
2024-02-09,Export,Italie,8703,491071.0,29099.7,Ferroviaire,FOB,Île-de-France,0.0
2024-05-26,Export,Espagne,2710,166041.6,362.2,Routier,DAP,Occitanie,0.0
2024-04-30,Import,États-Unis,8471,416289.64,31991.6,Aérien,DDP,Île-de-France,17420.45
2024-05-19,Import,Pays-Bas,3004,1435811.52,30602.9,Ferroviaire,EXW,Nouvelle-Aquitaine,10110.55
2024-06-20,Import,Turquie,3004,387846.21,49330.2,Aérien,DAP,Auvergne-Rhône-Alpes,30307.59
2024-06-12,Export,Italie,2710,110872.69,5634.8,Ferroviaire,DAP,Auvergne-Rhône-Alpes,0.0
2024-10-03,Import,Pays-Bas,8471,1341934.56,2156.7,Ferroviaire,CIF,Hauts-de-France,69228.88
2024-02-11,Export,Maroc,8471,91418.38,37021.1,Aérien,EXW,Occitanie,0.0
2024-03-11,Import,Turquie,3004,146364.7,11765.8,Ferroviaire,FOB,Hauts-de-France,5208.49
2024-03-18,Import,États-Unis,8471,1559055.68,16307.3,Ferroviaire,FOB,Île-de-France,12231.0
2024-04-28,Export,États-Unis,8471,1172259.05,2717.9,Aérien,DDP,Occitanie,0.0
2024-07-15,Import,Chine,3004,777723.96,6821.1,Aérien,CIF,Auvergne-Rhône-Alpes,44785.78
2024-12-21,Import,Royaume-Uni,1006,1385960.01,2983.5,Ferroviaire,FOB,Hauts-de-France,15134.85
2024-03-19,Import,Turquie,8471,1773385.9,30182.2,Aérien,EXW,Occitanie,112013.72
2024-12-27,Export,Royaume-Uni,1006,1725087.11,10822.9,Routier,EXW,Occitanie,0.0
2024-04-19,Import,Turquie,8471,499423.73,21713.0,Maritime,DAP,Île-de-France,8886.01
2024-02-02,Import,États-Unis,6203,1982590.64,36674.1,Ferroviaire,DAP,Île-de-France,79972.37
2024-07-31,Export,Allemagne,2710,993093.66,4155.5,Ferroviaire,FOB,Auvergne-Rhône-Alpes,0.0
2024-07-27,Export,Espagne,8703,595101.9,32382.4,Ferroviaire,CIF,Auvergne-Rhône-Alpes,0.0
2024-06-18,Export,Allemagne,1006,1716554.61,37364.6,Ferroviaire,FOB,Occitanie,0.0
2024-10-04,Import,Allemagne,2710,1580768.13,18521.7,Maritime,DAP,Hauts-de-France,58715.52
2024-08-26,Import,Turquie,6203,596697.01,37644.6,Aérien,EXW,Nouvelle-Aquitaine,33322.19
2024-07-31,Export,Chine,8703,1472842.77,2741.5,Maritime,DAP,Hauts-de-France,0.0
2024-02-01,Export,Italie,2710,1240171.23,18279.2,Maritime,DDP,Auvergne-Rhône-Alpes,0.0
2024-04-15,Import,Royaume-Uni,2710,1962596.99,11932.4,Aérien,FOB,Hauts-de-France,17829.44
2024-08-03,Export,États-Unis,3004,1796376.41,25178.8,Maritime,EXW,Hauts-de-France,0.0
2024-07-18,Export,Espagne,1006,907559.25,25073.0,Routier,DAP,Nouvelle-Aquitaine,0.0
2024-10-26,Export,Espagne,8471,1600808.22,47268.3,Ferroviaire,EXW,Île-de-France,0.0
2024-12-22,Export,Espagne,8703,1796401.99,14419.3,Aérien,CIF,Île-de-France,0.0
2024-01-11,Import,Allemagne,3004,995175.83,43749.8,Ferroviaire,DDP,Auvergne-Rhône-Alpes,41454.06
2024-10-21,Export,Allemagne,3004,696666.99,22193.6,Aérien,EXW,Île-de-France,0.0
2024-07-13,Import,Turquie,3004,1670720.3,25981.5,Routier,DAP,Nouvelle-Aquitaine,44892.57
2024-09-01,Export,Pays-Bas,8471,918724.15,28363.0,Routier,FOB,Occitanie,0.0
2024-01-04,Export,Allemagne,8471,1941594.48,38487.7,Routier,CIF,Occitanie,0.0
2024-06-29,Import,Italie,8471,1239167.31,8040.3,Aérien,FOB,Auvergne-Rhône-Alpes,53067.75
2024-06-01,Import,Pays-Bas,3004,87097.16,15832.0,Aérien,FOB,Nouvelle-Aquitaine,881.24
2024-07-18,Import,Royaume-Uni,6203,1332778.8,48901.2,Aérien,DDP,Hauts-de-France,15774.15
2024-08-02,Import,Italie,1006,1841265.78,20228.7,Routier,FOB,Île-de-France,73564.74
2024-10-02,Export,Pays-Bas,6203,1296251.68,14778.5,Aérien,DDP,Occitanie,0.0
2024-10-06,Export,Allemagne,8471,1379848.23,36582.3,Maritime,CIF,Île-de-France,0.0
2024-11-04,Export,Chine,8703,1236956.38,11019.0,Routier,EXW,Nouvelle-Aquitaine,0.0
2024-04-22,Import,Pays-Bas,8471,1168945.73,11108.0,Maritime,EXW,Nouvelle-Aquitaine,87499.34
2024-09-06,Export,Maroc,1006,1355741.46,47881.2,Aérien,DAP,Hauts-de-France,0.0
2024-04-22,Import,États-Unis,3004,1817351.67,18053.9,Ferroviaire,CIF,Île-de-France,21509.58
2024-05-19,Export,Royaume-Uni,6203,693115.83,15405.0,Maritime,FOB,Occitanie,0.0
2024-08-11,Export,États-Unis,2710,1608352.58,14432.4,Ferroviaire,FOB,Nouvelle-Aquitaine,0.0
2024-09-05,Import,Maroc,3004,291560.37,15162.3,Maritime,DDP,Occitanie,23053.85
2024-01-15,Import,Italie,6203,18204.64,31940.7,Ferroviaire,DDP,Auvergne-Rhône-Alpes,398.07
2024-07-18,Import,Allemagne,3004,376082.8,19089.1,Routier,DAP,Nouvelle-Aquitaine,16663.99
2024-06-21,Export,Italie,3004,452917.84,39561.2,Routier,DAP,Île-de-France,0.0
2024-12-08,Export,Belgique,8703,837227.76,24594.8,Maritime,CIF,Occitanie,0.0
2024-12-13,Import,États-Unis,3004,1199788.19,18088.6,Ferroviaire,EXW,Hauts-de-France,46118.51
2024-07-26,Import,Chine,1006,1691333.74,8143.2,Aérien,CIF,Auvergne-Rhône-Alpes,7916.85
2024-03-25,Import,Chine,8703,548977.36,20976.3,Routier,CIF,Nouvelle-Aquitaine,40057.98
2024-08-27,Import,Espagne,6203,1030163.65,38322.4,Aérien,DDP,Hauts-de-France,15101.99
2024-03-06,Export,Pays-Bas,3004,1654509.88,34248.7,Routier,EXW,Nouvelle-Aquitaine,0.0
2024-11-14,Export,Maroc,3004,1647513.06,645.9,Routier,DAP,Occitanie,0.0
2024-09-30,Export,Belgique,8471,1842210.22,8152.3,Aérien,FOB,Nouvelle-Aquitaine,0.0
2024-01-14,Import,Italie,8703,837605.78,45801.6,Ferroviaire,CIF,Hauts-de-France,7810.89
2024-07-20,Export,Turquie,6203,282332.89,22097.5,Routier,FOB,Hauts-de-France,0.0
2024-10-30,Import,Italie,2710,1490198.13,5930.7,Aérien,CIF,Auvergne-Rhône-Alpes,15344.81
2024-10-15,Import,Espagne,8703,264785.41,3931.2,Maritime,DAP,Occitanie,14633.49
2024-12-05,Import,Turquie,8703,396720.23,1640.6,Ferroviaire,EXW,Hauts-de-France,20940.13
2024-01-14,Import,Espagne,6203,137163.49,33379.7,Aérien,DDP,Auvergne-Rhône-Alpes,8279.74
2024-02-12,Import,Pays-Bas,6203,1342848.29,1463.9,Routier,CIF,Auvergne-Rhône-Alpes,15636.88
2024-11-25,Import,Allemagne,6203,1012293.91,3417.8,Aérien,FOB,Hauts-de-France,66372.99
2024-08-07,Import,Espagne,8471,1803812.28,26856.8,Ferroviaire,CIF,Nouvelle-Aquitaine,140492.43
2024-03-10,Import,Chine,1006,882133.33,47887.4,Ferroviaire,FOB,Nouvelle-Aquitaine,12762.6
2024-08-24,Import,Royaume-Uni,8703,818118.05,38070.7,Aérien,DAP,Hauts-de-France,20569.47
2024-04-03,Export,Chine,1006,1116478.59,2031.4,Maritime,DAP,Hauts-de-France,0.0
2024-01-26,Export,Royaume-Uni,8471,1202777.07,15601.0,Ferroviaire,CIF,Occitanie,0.0
2024-05-13,Import,Chine,8471,1714263.63,44737.8,Maritime,DAP,Île-de-France,110047.0
2024-07-13,Export,Espagne,8703,878926.41,32927.8,Aérien,DAP,Occitanie,0.0
2024-06-16,Import,Chine,8471,1484157.16,44621.5,Routier,FOB,Nouvelle-Aquitaine,20032.94
2024-04-18,Export,Royaume-Uni,3004,249910.52,41905.6,Routier,DAP,Hauts-de-France,0.0
2024-08-20,Export,Royaume-Uni,6203,1335020.64,47507.0,Routier,FOB,Occitanie,0.0
2024-06-16,Import,Italie,8703,248769.17,24467.6,Maritime,EXW,Île-de-France,4593.71
2024-06-21,Export,États-Unis,6203,1357824.34,48603.7,Routier,FOB,Hauts-de-France,0.0
2024-07-13,Import,Royaume-Uni,1006,1521542.03,33054.4,Aérien,CIF,Occitanie,63289.93
2024-05-22,Export,Maroc,6203,1012065.54,27122.4,Maritime,EXW,Occitanie,0.0
2024-08-03,Import,Royaume-Uni,8703,770341.6,15728.6,Maritime,FOB,Nouvelle-Aquitaine,23192.62
2024-05-09,Export,États-Unis,8471,1769976.96,8208.0,Routier,DAP,Occitanie,0.0
2024-02-11,Import,Maroc,6203,1139866.17,24528.2,Ferroviaire,DAP,Nouvelle-Aquitaine,50499.16
2024-08-28,Import,États-Unis,6203,1015836.67,19569.8,Routier,CIF,Hauts-de-France,40202.03
2024-01-10,Import,Chine,2710,61153.24,2256.9,Maritime,CIF,Occitanie,4094.5
2024-10-03,Import,Allemagne,2710,859155.64,49597.3,Aérien,FOB,Auvergne-Rhône-Alpes,28312.93
2024-01-27,Export,Espagne,3004,1187100.68,45519.5,Maritime,CIF,Auvergne-Rhône-Alpes,0.0
2024-06-28,Import,États-Unis,6203,1079141.54,1869.8,Ferroviaire,CIF,Île-de-France,56785.96
2024-04-24,Export,États-Unis,6203,1178038.52,49288.3,Ferroviaire,CIF,Nouvelle-Aquitaine,0.0
2024-11-28,Import,Chine,1006,1617611.5,5003.7,Routier,FOB,Nouvelle-Aquitaine,87365.42
2024-02-05,Export,Royaume-Uni,2710,729851.94,21800.1,Maritime,DDP,Auvergne-Rhône-Alpes,0.0
2024-11-29,Export,Turquie,1006,533984.42,14866.7,Aérien,DDP,Île-de-France,0.0
2024-01-21,Import,Maroc,1006,1185769.99,13669.0,Ferroviaire,FOB,Hauts-de-France,53732.29
2024-01-16,Import,États-Unis,2710,1304815.94,15093.0,Routier,FOB,Occitanie,83938.99
2024-05-06,Export,Maroc,8471,506273.26,25768.9,Maritime,DDP,Auvergne-Rhône-Alpes,0.0
2024-04-12,Export,Royaume-Uni,3004,429840.85,48105.9,Ferroviaire,DDP,Île-de-France,0.0
2024-01-11,Import,Pays-Bas,1006,731727.96,7388.0,Ferroviaire,CIF,Île-de-France,8808.4
2024-11-14,Import,Italie,3004,1692704.13,13347.5,Aérien,DAP,Auvergne-Rhône-Alpes,38870.53
2024-03-19,Import,Pays-Bas,1006,304174.68,1386.2,Ferroviaire,DDP,Occitanie,19395.27
2024-05-02,Export,Italie,3004,1295609.49,1851.1,Aérien,EXW,Hauts-de-France,0.0
2024-03-05,Export,Allemagne,2710,1319048.07,8800.1,Ferroviaire,EXW,Île-de-France,0.0
2024-08-30,Import,États-Unis,3004,631240.02,14899.7,Maritime,DAP,Auvergne-Rhône-Alpes,3210.82
2024-12-08,Import,Maroc,2710,228305.07,36724.3,Routier,DAP,Île-de-France,17039.51
2024-02-28,Import,Turquie,2710,1201643.52,38659.8,Ferroviaire,FOB,Occitanie,30128.6
2024-10-15,Import,Royaume-Uni,1006,292834.43,8758.5,Routier,DDP,Île-de-France,22722.16
2024-04-21,Export,Espagne,3004,1069272.59,34981.2,Ferroviaire,DAP,Auvergne-Rhône-Alpes,0.0
2024-08-26,Export,Chine,1006,1759469.91,46848.7,Routier,CIF,Île-de-France,0.0
2024-12-24,Import,Belgique,3004,1683738.57,33111.5,Ferroviaire,CIF,Hauts-de-France,126731.4
2024-05-11,Import,Allemagne,1006,1072146.83,11819.9,Routier,CIF,Île-de-France,37945.66
2024-07-07,Import,Royaume-Uni,2710,598358.69,42971.0,Routier,DAP,Île-de-France,7669.87
2024-03-26,Export,Royaume-Uni,1006,1733556.95,41160.1,Ferroviaire,CIF,Occitanie,0.0
2024-11-06,Import,Chine,1006,1649679.73,34924.4,Routier,DAP,Île-de-France,66823.18
2024-11-06,Import,Italie,8703,1284538.73,9187.8,Ferroviaire,FOB,Hauts-de-France,45565.67
2024-02-28,Export,Belgique,6203,1153739.64,5542.3,Aérien,DDP,Occitanie,0.0
2024-03-24,Export,Italie,3004,905722.35,43675.4,Aérien,DDP,Hauts-de-France,0.0
2024-06-08,Export,Italie,1006,401334.12,20725.4,Ferroviaire,DDP,Auvergne-Rhône-Alpes,0.0
2024-02-25,Import,Belgique,8703,1896477.89,46155.7,Ferroviaire,FOB,Hauts-de-France,98177.88
2024-10-23,Import,Italie,8703,104317.01,30900.6,Routier,FOB,Nouvelle-Aquitaine,5010.49
2024-01-14,Import,Royaume-Uni,2710,33159.24,26292.4,Ferroviaire,EXW,Auvergne-Rhône-Alpes,2051.52
2024-06-08,Import,Pays-Bas,2710,385135.61,43097.0,Ferroviaire,DAP,Auvergne-Rhône-Alpes,24097.84
2024-10-21,Export,Pays-Bas,2710,1713393.77,30004.5,Aérien,DAP,Auvergne-Rhône-Alpes,0.0
2024-12-12,Export,Pays-Bas,8471,1585964.75,1439.6,Ferroviaire,FOB,Hauts-de-France,0.0
2024-07-11,Export,Chine,2710,176048.65,23444.6,Ferroviaire,FOB,Occitanie,0.0
2024-07-22,Export,Espagne,6203,1473527.69,12812.0,Maritime,EXW,Hauts-de-France,0.0
2024-04-11,Import,Turquie,2710,944510.18,17715.7,Maritime,EXW,Hauts-de-France,45818.15
2024-02-08,Export,Chine,8471,608502.17,19735.4,Maritime,DDP,Auvergne-Rhône-Alpes,0.0
2024-10-30,Export,Chine,1006,343883.66,24642.5,Aérien,EXW,Hauts-de-France,0.0
2024-12-19,Export,Allemagne,8471,287882.49,5843.0,Ferroviaire,CIF,Hauts-de-France,0.0
2024-11-17,Export,Turquie,3004,569436.39,43846.9,Routier,DAP,Auvergne-Rhône-Alpes,0.0
2024-05-04,Export,Italie,6203,1475054.13,24564.2,Ferroviaire,EXW,Auvergne-Rhône-Alpes,0.0
2024-02-22,Import,Italie,2710,113861.5,9157.9,Ferroviaire,DAP,Île-de-France,4283.45
2024-12-22,Export,Maroc,1006,86379.46,17826.6,Ferroviaire,DAP,Île-de-France,0.0
2024-06-03,Import,Italie,8471,251690.2,4679.8,Routier,DDP,Nouvelle-Aquitaine,17480.85
2024-12-16,Import,Turquie,8471,1169177.05,48581.4,Ferroviaire,EXW,Auvergne-Rhône-Alpes,49200.41
2024-11-03,Export,Allemagne,3004,1355432.49,44368.5,Maritime,DAP,Hauts-de-France,0.0
2024-03-02,Import,Royaume-Uni,1006,1674769.53,7689.6,Routier,DDP,Île-de-France,10860.98
2024-10-16,Export,Royaume-Uni,3004,1939692.18,32809.0,Aérien,FOB,Île-de-France,0.0
2024-01-22,Export,Espagne,6203,649725.84,2777.7,Ferroviaire,EXW,Occitanie,0.0
2024-06-26,Export,États-Unis,8703,360131.55,48252.5,Maritime,FOB,Auvergne-Rhône-Alpes,0.0
2024-09-29,Export,Italie,8703,1560087.63,14247.5,Routier,DAP,Occitanie,0.0
2024-08-07,Export,Chine,2710,1807949.87,30176.1,Maritime,CIF,Nouvelle-Aquitaine,0.0
2024-12-04,Import,Turquie,6203,981797.96,44270.8,Ferroviaire,EXW,Occitanie,37421.4
2024-07-08,Export,États-Unis,8703,1229666.23,21705.9,Maritime,DDP,Hauts-de-France,0.0
2024-02-05,Export,Italie,1006,1354497.86,32380.9,Maritime,CIF,Occitanie,0.0
2024-09-16,Export,Pays-Bas,8471,162970.35,40077.4,Aérien,CIF,Auvergne-Rhône-Alpes,0.0
2024-11-27,Export,Espagne,8703,594485.86,2387.4,Maritime,DDP,Occitanie,0.0
2024-06-23,Export,Turquie,3004,193496.3,33043.1,Routier,CIF,Nouvelle-Aquitaine,0.0
2024-01-07,Import,Royaume-Uni,8471,1538450.31,814.4,Aérien,DAP,Île-de-France,91139.79
2024-08-03,Import,Royaume-Uni,2710,835421.87,35219.2,Ferroviaire,DDP,Hauts-de-France,20982.21
2024-09-07,Export,Italie,8471,1933605.66,43567.4,Aérien,EXW,Nouvelle-Aquitaine,0.0
2024-02-24,Export,Maroc,8703,1743873.51,5317.4,Maritime,DAP,Île-de-France,0.0
2024-08-09,Import,Turquie,2710,347612.03,23856.5,Ferroviaire,CIF,Nouvelle-Aquitaine,19238.41
2024-07-04,Export,États-Unis,3004,1382871.27,48157.1,Maritime,FOB,Auvergne-Rhône-Alpes,0.0
2024-11-21,Import,Belgique,8703,385650.16,40798.6,Aérien,DAP,Auvergne-Rhône-Alpes,21474.0
2024-08-23,Import,Belgique,8703,874398.01,31303.3,Routier,DAP,Auvergne-Rhône-Alpes,55262.76
2024-12-28,Export,Italie,2710,846649.05,5823.8,Ferroviaire,DAP,Occitanie,0.0
2024-03-19,Import,Turquie,1006,1720293.91,29261.7,Maritime,CIF,Île-de-France,27708.9
2024-08-10,Import,Royaume-Uni,2710,1262667.71,35654.9,Routier,EXW,Occitanie,98941.32
2024-03-31,Export,Turquie,2710,974771.42,29552.4,Ferroviaire,FOB,Île-de-France,0.0
2024-09-24,Import,États-Unis,1006,846899.07,15793.2,Maritime,DAP,Nouvelle-Aquitaine,4302.96
2024-11-29,Export,Italie,3004,899409.16,21812.1,Aérien,DAP,Hauts-de-France,0.0
2024-05-18,Export,Chine,6203,468045.71,10985.9,Ferroviaire,FOB,Hauts-de-France,0.0
2024-11-11,Export,Chine,1006,1919807.72,41654.2,Aérien,DDP,Auvergne-Rhône-Alpes,0.0
2024-10-02,Export,Royaume-Uni,8471,1382941.61,4310.5,Aérien,FOB,Auvergne-Rhône-Alpes,0.0
2024-09-04,Export,Royaume-Uni,3004,206302.93,20799.8,Aérien,FOB,Nouvelle-Aquitaine,0.0
2024-08-26,Import,Italie,8471,1998526.14,17940.0,Maritime,EXW,Hauts-de-France,41698.53
2024-08-11,Export,Maroc,8471,232368.74,11335.3,Ferroviaire,CIF,Hauts-de-France,0.0
2024-10-30,Export,Maroc,3004,1539900.93,38505.0,Aérien,DDP,Nouvelle-Aquitaine,0.0
2024-05-17,Import,Royaume-Uni,8703,1414277.81,46331.7,Maritime,DDP,Nouvelle-Aquitaine,49536.69
2024-06-14,Import,Espagne,8471,1648102.4,2099.4,Routier,FOB,Hauts-de-France,13898.26
2024-05-05,Export,Espagne,8471,1525119.56,24920.1,Routier,CIF,Auvergne-Rhône-Alpes,0.0
2024-02-14,Import,Allemagne,8471,1697947.21,21956.0,Ferroviaire,CIF,Hauts-de-France,56473.7
2024-05-22,Import,Chine,2710,175041.55,18622.4,Aérien,FOB,Nouvelle-Aquitaine,10570.34
2024-08-18,Export,États-Unis,1006,1575495.4,6900.6,Ferroviaire,DAP,Nouvelle-Aquitaine,0.0
2024-05-04,Export,Allemagne,2710,1887761.81,22129.5,Maritime,EXW,Hauts-de-France,0.0
2024-08-25,Export,États-Unis,8703,806293.48,38618.9,Ferroviaire,EXW,Auvergne-Rhône-Alpes,0.0
2024-10-18,Import,Maroc,3004,1955577.29,49002.4,Ferroviaire,DAP,Nouvelle-Aquitaine,125011.57
2024-11-08,Export,Chine,8703,1444494.33,15685.4,Routier,DDP,Nouvelle-Aquitaine,0.0
2024-12-08,Import,Maroc,6203,1402088.65,22310.0,Ferroviaire,CIF,Occitanie,23009.24
2024-07-13,Import,États-Unis,2710,1762544.49,4215.0,Aérien,DDP,Nouvelle-Aquitaine,75780.04
2024-06-21,Export,Pays-Bas,6203,431400.36,25584.1,Routier,FOB,Île-de-France,0.0
2024-01-15,Import,Pays-Bas,2710,1781187.08,26997.1,Ferroviaire,DDP,Île-de-France,36862.05
2024-09-10,Import,Espagne,8703,1683958.96,12988.6,Maritime,DAP,Hauts-de-France,68368.65
2024-06-15,Import,Turquie,6203,909028.59,49147.5,Aérien,CIF,Hauts-de-France,58569.63
2024-04-03,Export,Turquie,2710,1335510.14,40754.1,Aérien,DAP,Nouvelle-Aquitaine,0.0
2024-09-06,Import,Chine,1006,214927.71,25823.1,Maritime,FOB,Occitanie,3310.84
2024-04-18,Export,Italie,1006,168484.59,3110.6,Aérien,DAP,Île-de-France,0.0
2024-06-30,Export,Maroc,6203,1355260.77,20138.3,Ferroviaire,CIF,Nouvelle-Aquitaine,0.0
2024-05-12,Export,Royaume-Uni,2710,1274739.99,49825.6,Ferroviaire,FOB,Auvergne-Rhône-Alpes,0.0
2024-06-23,Import,Maroc,6203,972104.98,22886.2,Maritime,FOB,Occitanie,75282.28
2024-05-23,Export,Maroc,3004,70051.74,7842.8,Maritime,DDP,Occitanie,0.0
2024-11-01,Import,Italie,8703,246128.52,28588.7,Routier,CIF,Hauts-de-France,793.17
2024-12-25,Export,Italie,8471,591492.68,1399.9,Ferroviaire,EXW,Hauts-de-France,0.0
2024-05-21,Export,Royaume-Uni,8703,435085.0,40956.4,Maritime,DDP,Hauts-de-France,0.0
2024-10-11,Import,Turquie,1006,1741500.94,20879.3,Routier,DAP,Occitanie,79838.64
2024-01-06,Import,Royaume-Uni,2710,1525092.71,25238.7,Ferroviaire,FOB,Hauts-de-France,56237.63
2024-09-21,Import,Belgique,1006,1600624.18,33225.5,Routier,DDP,Île-de-France,52452.88
2024-04-07,Export,Italie,2710,1473146.02,32296.2,Maritime,DDP,Hauts-de-France,0.0
2024-02-13,Import,Maroc,6203,1289608.81,4258.5,Maritime,DDP,Nouvelle-Aquitaine,98543.48
2024-05-03,Import,Maroc,8471,1502364.35,25132.4,Maritime,CIF,Auvergne-Rhône-Alpes,2243.22
2024-07-27,Import,Espagne,6203,1660232.65,41946.0,Routier,DAP,Nouvelle-Aquitaine,76975.39
2024-09-07,Import,Italie,1006,985488.72,46692.5,Maritime,DDP,Hauts-de-France,26801.87
2024-10-11,Export,Espagne,6203,518069.7,5733.1,Aérien,CIF,Auvergne-Rhône-Alpes,0.0
2024-05-03,Import,États-Unis,2710,514831.28,4482.3,Aérien,EXW,Nouvelle-Aquitaine,12635.78
2024-12-19,Export,Pays-Bas,1006,367008.39,35665.3,Maritime,CIF,Auvergne-Rhône-Alpes,0.0
2024-08-31,Export,Espagne,8703,1786556.99,12897.5,Aérien,FOB,Nouvelle-Aquitaine,0.0
2024-11-26,Import,Espagne,3004,988493.98,37619.7,Maritime,CIF,Occitanie,30449.46
2024-12-30,Export,Belgique,8703,135589.13,1446.3,Routier,DDP,Nouvelle-Aquitaine,0.0
2024-09-08,Import,Pays-Bas,6203,496400.61,27735.8,Ferroviaire,DAP,Île-de-France,31182.46
2024-08-17,Import,Italie,8471,1566848.77,7119.2,Ferroviaire,DDP,Occitanie,67742.99
2024-01-09,Import,Pays-Bas,2710,6997.11,23233.1,Aérien,EXW,Île-de-France,464.26
2024-02-17,Export,États-Unis,3004,550239.36,12545.2,Aérien,DDP,Nouvelle-Aquitaine,0.0
2024-05-30,Export,Turquie,8703,95742.04,36959.4,Routier,EXW,Occitanie,0.0
2024-04-23,Import,États-Unis,8471,1661843.73,36254.0,Routier,CIF,Hauts-de-France,132790.79
2024-07-26,Export,Chine,3004,549661.21,33114.2,Aérien,DAP,Nouvelle-Aquitaine,0.0
2024-12-20,Export,Allemagne,6203,36669.86,34592.6,Ferroviaire,EXW,Île-de-France,0.0
2024-05-04,Import,États-Unis,6203,829260.25,44763.5,Maritime,EXW,Nouvelle-Aquitaine,46657.48
2024-06-05,Import,Espagne,3004,1785681.53,40803.0,Ferroviaire,DDP,Hauts-de-France,63595.51
2024-12-05,Export,Allemagne,8703,358487.34,38398.5,Ferroviaire,CIF,Auvergne-Rhône-Alpes,0.0
2024-10-24,Export,Pays-Bas,2710,23679.79,37157.5,Routier,FOB,Île-de-France,0.0
2024-07-07,Export,Royaume-Uni,3004,1617786.92,11058.2,Maritime,CIF,Occitanie,0.0
2024-08-30,Import,Espagne,3004,19235.12,49213.2,Ferroviaire,FOB,Nouvelle-Aquitaine,982.43
2024-10-10,Import,Turquie,8471,1321377.65,28285.8,Maritime,DDP,Auvergne-Rhône-Alpes,72134.92
2024-09-28,Import,Maroc,2710,259224.67,46678.2,Routier,FOB,Île-de-France,17740.9
2024-06-25,Export,Allemagne,1006,1362957.31,44155.2,Maritime,CIF,Occitanie,0.0
2024-08-05,Export,Royaume-Uni,1006,551701.01,34009.0,Routier,DDP,Île-de-France,0.0
2024-10-08,Import,Chine,8703,98694.47,45919.7,Ferroviaire,FOB,Hauts-de-France,4203.68
2024-06-18,Import,Belgique,2710,1760796.43,40383.8,Ferroviaire,EXW,Auvergne-Rhône-Alpes,139492.36
2024-06-29,Import,Espagne,8703,333140.74,15541.0,Ferroviaire,DAP,Île-de-France,16683.55
2024-12-25,Export,Royaume-Uni,8471,1681812.63,12358.4,Routier,EXW,Hauts-de-France,0.0
2024-08-20,Import,Espagne,2710,1887377.42,38787.7,Ferroviaire,DDP,Île-de-France,93548.47
2024-05-18,Import,Espagne,8471,1949178.53,45835.8,Maritime,DAP,Île-de-France,58848.84
2024-06-05,Export,Espagne,2710,1223423.59,21592.5,Maritime,DDP,Île-de-France,0.0
2024-05-08,Export,Turquie,1006,1700608.98,20084.8,Aérien,DDP,Nouvelle-Aquitaine,0.0
2024-04-28,Import,Turquie,6203,909555.44,23211.0,Maritime,CIF,Île-de-France,31150.87
2024-03-02,Export,Espagne,8703,1036839.72,29391.1,Maritime,DDP,Île-de-France,0.0
2024-04-08,Import,Chine,1006,1809218.13,6300.0,Ferroviaire,DDP,Occitanie,73656.6
2024-06-10,Import,Pays-Bas,6203,490089.19,39851.5,Ferroviaire,DDP,Hauts-de-France,2371.69
2024-03-02,Export,Italie,8471,1169413.51,27057.6,Ferroviaire,CIF,Nouvelle-Aquitaine,0.0
2024-10-01,Export,Maroc,6203,585672.57,48513.6,Aérien,EXW,Auvergne-Rhône-Alpes,0.0
2024-12-19,Import,Belgique,8703,847011.98,9771.2,Routier,FOB,Occitanie,13577.39
2024-04-04,Export,Turquie,6203,1201525.8,16557.9,Routier,DDP,Hauts-de-France,0.0
2024-04-08,Export,Allemagne,1006,660595.0,5243.3,Aérien,EXW,Auvergne-Rhône-Alpes,0.0
2024-04-20,Import,Chine,2710,935740.83,10657.7,Ferroviaire,FOB,Occitanie,35988.31
2024-09-04,Import,Chine,8703,1653038.22,337.3,Maritime,FOB,Hauts-de-France,1308.16
2024-05-21,Export,Chine,8703,392834.87,29284.7,Maritime,FOB,Auvergne-Rhône-Alpes,0.0
2024-10-28,Export,Italie,3004,352422.49,44269.2,Aérien,FOB,Auvergne-Rhône-Alpes,0.0
2024-09-25,Import,Italie,1006,356274.46,13090.2,Maritime,CIF,Auvergne-Rhône-Alpes,2884.12
2024-11-01,Export,Chine,2710,915126.34,18482.7,Aérien,DDP,Nouvelle-Aquitaine,0.0
2024-05-24,Export,Italie,8471,1757383.73,3269.8,Aérien,FOB,Nouvelle-Aquitaine,0.0
2024-02-21,Export,États-Unis,2710,1390236.02,15898.3,Aérien,EXW,Nouvelle-Aquitaine,0.0
2024-04-09,Import,Belgique,8703,1709598.69,14709.8,Routier,FOB,Nouvelle-Aquitaine,20319.18
2024-05-31,Export,Royaume-Uni,2710,422428.96,4071.3,Maritime,FOB,Nouvelle-Aquitaine,0.0
2024-04-26,Export,Maroc,3004,1503859.54,32253.9,Ferroviaire,DDP,Occitanie,0.0
2024-07-03,Import,Royaume-Uni,1006,647037.15,18694.6,Routier,DDP,Occitanie,35949.88
2024-04-01,Import,Belgique,1006,418363.2,44744.3,Aérien,CIF,Occitanie,15130.69
2024-06-03,Export,Chine,3004,1144883.92,46775.0,Maritime,FOB,Île-de-France,0.0
2024-01-08,Export,Turquie,8703,891788.1,17579.4,Ferroviaire,DDP,Nouvelle-Aquitaine,0.0
2024-12-28,Export,États-Unis,3004,855074.18,23378.1,Ferroviaire,CIF,Hauts-de-France,0.0
2024-09-30,Export,Pays-Bas,2710,54312.8,22085.0,Maritime,CIF,Île-de-France,0.0
2024-03-05,Export,Espagne,3004,1685993.76,25640.0,Aérien,EXW,Île-de-France,0.0
2024-05-20,Import,Chine,3004,723672.6,27301.8,Routier,CIF,Auvergne-Rhône-Alpes,19322.51
2024-01-24,Import,Pays-Bas,8703,1996818.17,37619.4,Routier,CIF,Hauts-de-France,118183.04
2024-01-28,Export,Allemagne,1006,1891900.94,41093.2,Aérien,DAP,Auvergne-Rhône-Alpes,0.0
2024-10-10,Import,Turquie,6203,1448055.1,10494.5,Ferroviaire,DAP,Hauts-de-France,27075.52
2024-05-29,Import,États-Unis,8471,629584.29,9393.1,Ferroviaire,DAP,Nouvelle-Aquitaine,38788.99
2024-12-23,Import,Allemagne,1006,752526.83,28875.8,Routier,CIF,Auvergne-Rhône-Alpes,7726.68
2024-03-05,Export,Maroc,3004,854310.1,37631.6,Routier,DDP,Île-de-France,0.0
2024-11-22,Import,Chine,6203,1844677.66,7685.4,Ferroviaire,DAP,Auvergne-Rhône-Alpes,140584.74
2024-09-08,Export,Royaume-Uni,8703,132099.95,19322.3,Routier,DDP,Occitanie,0.0
2024-02-22,Export,Maroc,8471,191016.81,5216.6,Maritime,DDP,Occitanie,0.0
2024-01-07,Import,Pays-Bas,8471,377450.75,3475.5,Aérien,CIF,Nouvelle-Aquitaine,29078.64
2024-10-20,Import,Chine,1006,912054.06,18433.2,Ferroviaire,FOB,Île-de-France,806.04
2024-05-25,Import,Belgique,8471,1075223.77,23913.1,Aérien,CIF,Occitanie,5914.85
2024-08-28,Export,Pays-Bas,6203,321768.59,28755.0,Aérien,DDP,Occitanie,0.0
2024-09-02,Export,Royaume-Uni,8703,407396.94,49554.3,Ferroviaire,DDP,Auvergne-Rhône-Alpes,0.0
2024-08-13,Export,Royaume-Uni,1006,1821053.57,43962.1,Maritime,EXW,Hauts-de-France,0.0
2024-06-23,Export,Pays-Bas,1006,696829.77,42132.1,Aérien,DAP,Auvergne-Rhône-Alpes,0.0
2024-04-04,Import,Italie,2710,1800429.42,36662.5,Maritime,DAP,Île-de-France,65942.98
2024-01-27,Import,Maroc,3004,1771655.93,7897.5,Maritime,FOB,Occitanie,125086.82
2024-05-09,Export,Chine,8703,1984817.5,27641.6,Maritime,DDP,Hauts-de-France,0.0
2024-09-01,Export,Maroc,8703,904617.29,12639.1,Ferroviaire,EXW,Île-de-France,0.0
2024-02-28,Export,Belgique,1006,765405.36,37298.1,Maritime,EXW,Hauts-de-France,0.0
2024-02-03,Import,Royaume-Uni,1006,1419653.71,6824.9,Ferroviaire,EXW,Île-de-France,76127.01
2024-07-24,Import,Pays-Bas,8471,1428595.17,21886.7,Aérien,EXW,Nouvelle-Aquitaine,53805.21
2024-09-08,Import,Italie,8703,358587.02,6208.4,Maritime,CIF,Auvergne-Rhône-Alpes,21269.85
2024-02-07,Export,Allemagne,2710,719383.54,10834.4,Aérien,DAP,Île-de-France,0.0
2024-10-22,Import,Allemagne,8703,784283.69,15416.9,Ferroviaire,FOB,Auvergne-Rhône-Alpes,3288.67
2024-11-18,Export,Allemagne,1006,1817968.99,10000.1,Maritime,EXW,Hauts-de-France,0.0
2024-12-17,Import,Espagne,2710,1361519.25,3159.5,Aérien,FOB,Île-de-France,104428.01
2024-01-28,Export,Chine,6203,1027437.7,40781.4,Aérien,DDP,Auvergne-Rhône-Alpes,0.0
2024-03-18,Export,Belgique,8703,1878151.84,6041.1,Routier,CIF,Auvergne-Rhône-Alpes,0.0
2024-03-17,Import,Royaume-Uni,8471,807268.28,15812.7,Maritime,CIF,Nouvelle-Aquitaine,25134.24
2024-10-15,Export,États-Unis,3004,92658.19,44273.1,Ferroviaire,EXW,Nouvelle-Aquitaine,0.0
2024-06-04,Import,États-Unis,2710,507620.61,4738.1,Aérien,CIF,Auvergne-Rhône-Alpes,13171.91
2024-02-13,Export,Espagne,3004,1956152.95,33318.9,Maritime,DDP,Nouvelle-Aquitaine,0.0
2024-05-07,Export,Belgique,6203,767830.94,32030.0,Maritime,FOB,Île-de-France,0.0
2024-03-01,Import,Turquie,8703,621153.01,36895.9,Maritime,FOB,Hauts-de-France,37629.24
2024-10-12,Export,Belgique,2710,596746.39,7584.4,Maritime,FOB,Nouvelle-Aquitaine,0.0
2024-08-01,Export,Pays-Bas,3004,1479814.99,16435.2,Maritime,DDP,Occitanie,0.0
2024-11-06,Export,Chine,3004,1502349.07,11451.3,Aérien,FOB,Nouvelle-Aquitaine,0.0
2024-11-01,Import,Belgique,6203,1813730.96,33250.6,Ferroviaire,DDP,Hauts-de-France,36033.47
2024-11-12,Import,Espagne,8471,887509.98,303.1,Maritime,FOB,Auvergne-Rhône-Alpes,61761.23
2024-04-25,Import,Belgique,8471,188059.99,29631.9,Maritime,DAP,Occitanie,12505.55
2024-09-24,Export,États-Unis,8471,332496.83,9877.6,Aérien,CIF,Hauts-de-France,0.0
2024-07-13,Export,Royaume-Uni,8703,1935612.99,10070.8,Routier,DAP,Occitanie,0.0
2024-08-18,Import,États-Unis,8471,944073.4,21135.4,Ferroviaire,EXW,Occitanie,46025.03
2024-08-14,Export,Pays-Bas,6203,1708814.21,37943.2,Aérien,DDP,Auvergne-Rhône-Alpes,0.0
2024-06-01,Export,Pays-Bas,1006,763998.22,15293.1,Ferroviaire,EXW,Hauts-de-France,0.0
2024-10-28,Import,Allemagne,8703,1431152.42,9786.6,Routier,DAP,Occitanie,104889.96
2024-08-07,Export,Chine,1006,1880868.55,48524.7,Ferroviaire,CIF,Nouvelle-Aquitaine,0.0
2024-06-05,Import,États-Unis,6203,820531.23,1942.3,Aérien,FOB,Occitanie,60496.34
2024-10-18,Export,Chine,6203,1543684.41,37579.1,Ferroviaire,CIF,Île-de-France,0.0
2024-11-13,Export,Belgique,1006,1853404.92,36783.5,Maritime,CIF,Île-de-France,0.0
2024-01-31,Import,Pays-Bas,8471,526354.74,22774.1,Aérien,EXW,Île-de-France,28678.61
2024-11-08,Import,Turquie,8703,1290572.79,45844.2,Aérien,DAP,Auvergne-Rhône-Alpes,41057.45
2024-02-20,Export,Maroc,2710,509478.11,15111.7,Ferroviaire,DDP,Hauts-de-France,0.0
2024-04-16,Export,Espagne,8703,1506162.19,46216.1,Routier,FOB,Hauts-de-France,0.0
2024-11-16,Import,Italie,1006,1860383.65,19899.1,Maritime,EXW,Île-de-France,45854.79
2024-04-18,Export,États-Unis,8471,1052299.17,32726.4,Aérien,CIF,Auvergne-Rhône-Alpes,0.0
2024-05-15,Import,Royaume-Uni,6203,400050.96,9100.0,Aérien,FOB,Auvergne-Rhône-Alpes,30355.33
2024-12-04,Import,États-Unis,1006,1501081.89,40459.1,Maritime,FOB,Île-de-France,23042.79
2024-02-11,Export,Espagne,3004,175985.59,6235.0,Maritime,DDP,Auvergne-Rhône-Alpes,0.0
2024-03-21,Export,Allemagne,8703,972962.73,38026.9,Routier,EXW,Nouvelle-Aquitaine,0.0
2024-05-02,Import,Turquie,6203,198199.49,26117.2,Routier,DAP,Occitanie,115.15
2024-03-29,Export,Chine,3004,1210721.24,16828.2,Aérien,CIF,Occitanie,0.0
2024-10-09,Export,Chine,8703,1223564.07,48765.3,Maritime,DAP,Occitanie,0.0
2024-02-08,Import,Belgique,3004,56232.45,6145.6,Ferroviaire,DDP,Occitanie,2387.09
2024-03-21,Export,Chine,8703,1322155.68,157.5,Routier,EXW,Hauts-de-France,0.0
2024-01-02,Export,Turquie,8703,470949.51,24227.3,Routier,DAP,Occitanie,0.0
2024-07-28,Import,Italie,6203,1469884.1,14693.9,Maritime,FOB,Occitanie,22939.24
2024-08-18,Import,Royaume-Uni,8471,606189.87,33653.4,Ferroviaire,EXW,Occitanie,26611.57
2024-12-18,Import,Espagne,8703,490495.22,8522.5,Ferroviaire,EXW,Auvergne-Rhône-Alpes,37050.43
2024-10-31,Export,Belgique,2710,1805783.8,38315.7,Routier,DAP,Île-de-France,0.0
2024-08-28,Import,Chine,8471,1845858.69,31677.8,Maritime,CIF,Occitanie,72646.91
2024-05-29,Export,États-Unis,8471,1309569.7,39254.3,Aérien,CIF,Île-de-France,0.0
2024-01-17,Export,Turquie,8471,179922.28,4457.9,Maritime,DDP,Hauts-de-France,0.0
2024-04-28,Import,Allemagne,3004,1707393.97,47703.5,Maritime,DDP,Nouvelle-Aquitaine,78801.95
2024-05-27,Import,Chine,2710,1695001.6,48992.5,Aérien,DDP,Nouvelle-Aquitaine,43343.63
2024-12-27,Import,Chine,8471,217638.92,460.4,Routier,FOB,Occitanie,14840.57
2024-05-24,Export,Allemagne,6203,299113.59,14170.4,Routier,CIF,Nouvelle-Aquitaine,0.0
2024-12-25,Import,Belgique,1006,550537.82,42383.6,Routier,DAP,Île-de-France,25279.46
2024-08-20,Export,Belgique,2710,309640.96,35838.6,Maritime,FOB,Occitanie,0.0
2024-02-06,Export,Italie,8703,601708.05,40750.8,Ferroviaire,CIF,Occitanie,0.0
2024-12-17,Export,États-Unis,8703,1980677.03,37886.0,Routier,CIF,Auvergne-Rhône-Alpes,0.0
2024-04-29,Export,Turquie,8703,199152.54,16171.6,Routier,DAP,Auvergne-Rhône-Alpes,0.0
2024-05-15,Import,Belgique,8471,886558.06,24122.6,Aérien,EXW,Hauts-de-France,63634.87
2024-11-16,Import,États-Unis,2710,1358244.02,49424.2,Aérien,EXW,Île-de-France,16038.74
2024-10-28,Export,Allemagne,8703,1948446.73,8982.5,Routier,DDP,Occitanie,0.0
2024-12-04,Import,Belgique,1006,1255810.23,20200.3,Ferroviaire,CIF,Nouvelle-Aquitaine,3415.08
2024-04-11,Import,Espagne,1006,1307329.95,18769.2,Ferroviaire,CIF,Occitanie,72352.33
2024-08-05,Export,Espagne,1006,28146.82,5832.3,Aérien,EXW,Nouvelle-Aquitaine,0.0
2024-02-28,Export,Turquie,8471,551080.99,37268.2,Ferroviaire,DAP,Occitanie,0.0
